X_ref,Y_ref,Phi_ref,Kappa_ref,V_ref
0.0,0.0,0.4634459246360255,-0.0005099260707278032,10.0
0.5,0.2498739599804538,0.4631608554354882,-0.0008769920986795252,10.0
1.0,0.49939170603993865,0.4624654554160114,-0.0014687664693363274,10.0
1.5,0.7483971402253986,0.4615194891668336,-0.0019183586381702103,10.0
2.0,0.9967343797902375,0.46032267432516283,-0.002369196780962864,10.0
2.5,1.2442478546422095,0.458874701720805,-0.00282149226158779,10.0
3.0,1.490782404606401,0.45717523801241977,-0.0032754497574624566,10.0
3.5,1.736183376442519,0.4552239289548926,-0.003731265725880315,10.0
4.0,1.980296720555851,0.4530204033059298,-0.004189126824749674,10.0
4.5,2.2229690873414434,0.4505642773806318,-0.004649208282347416,10.0
5.0,2.4640479231012806,0.44785516026323224,-0.005111672211383056,10.0
5.5,2.7033815654745226,0.44489265968532155,-0.005576665863426028,10.0
6.0,2.9408193383211287,0.4416763885797713,-0.006044319820655567,10.0
6.5,3.1762116459995857,0.43820597231908287,-0.0065147461230166325,10.0
7.0,3.409410066979788,0.4344810566459961,-0.00698803633006076,10.0
7.5,3.64026744673256,0.4305013163029358,-0.0074642595181925835,10.0
8.0,3.868637989837759,0.4262664643650468,-0.007943460215664671,10.0
8.5,4.094377351253369,0.42177626227928866,-0.008425656279437645,10.0
9.0,4.317342726688545,0.41703053060917167,-0.008910836720075112,10.0
9.5,4.537392942024096,0.4120291604811949,-0.00939895948302253,10.0
10.0,4.754388541724513,0.4067721257249241,-0.009889949197061897,10.0
10.5,4.968191876186275,0.40125949569374747,-0.010383694903377101,10.0
11.0,5.178667187967803,0.39549144874777925,-0.01088004778143286,10.0
11.5,5.385680696847175,0.3894682863740478,-0.011378818890922002,10.0
12.0,5.589100683654413,0.38319044791194184,-0.011879776952129327,10.0
12.5,5.788797572825912,0.37665852584405396,-0.012382646190278441,10.0
13.0,5.984644013629422,0.36987328160387944,-0.012887104272795028,10.0
13.5,6.176514960008779,0.362835661842421,-0.013392780371668238,10.0
14.0,6.3642877489984535,0.355546815085697,-0.013899253386300861,10.0
14.5,6.547842177658891,0.34800810870445076,-0.014406050365369951,10.0
15.0,6.7270605784845525,0.34022114610608833,-0.014912645169038322,10.0
15.5,6.901827893237462,0.3321877840472365,-0.01541845741522548,10.0
16.0,7.072031745160109,0.32391014995346223,-0.01592285175571211,10.0
16.5,7.23756250952256,0.3153906591206117,-0.016425137529221784,10.0
17.0,7.3983133824596194,0.30663203166040887,-0.01692456883915798,10.0
17.5,7.554180448055028,0.2976373090414313,-0.017420345103469962,10.0
18.0,7.7050627436307035,0.2884098700656782,-0.017911612122784963,10.0
18.5,7.850862323200211,0.2789534461110031,-0.018397463710483106,10.0
19.0,7.991484319046757,0.26927213546093764,-0.018876943924693173,10.0
19.5,8.126837001387203,0.25937041653625575,-0.019349049936992692,10.0
20.0,8.256831836084736,0.2492531598374484,-0.019812735566076798,10.0
20.5,8.381383540374145,0.2389256384042304,-0.02026691549666407,10.0
21.0,8.500410136564787,0.22839353659783032,-0.02071047019423752,10.0
21.5,8.61383300368766,0.21766295701443478,-0.02114225151540982,10.0
22.0,8.721576927054281,0.20674042534376919,-0.021561089001394352,10.0
22.5,8.823570145696307,0.1956328929961319,-0.021965796828604296,10.0
23.0,8.919744397656261,0.18434773733395968,-0.02235518137629176,10.0
23.5,9.010034963100988,0.17289275936053597,-0.02272804935609049,10.0
24.0,9.094380705230833,0.16127617873889688,-0.02308321643323206,10.0
24.5,9.172724108958963,0.14950662603796094,-0.023419516254417412,10.0
25.0,9.245011317336608,0.13759313213041646,-0.023735809782841847,10.0
25.5,9.311192165701362,0.1255451146978027,-0.024030994827718286,10.0
26.0,9.371220213527229,0.1133723618317488,-0.024304015644199442,10.0
26.5,9.425052773956395,0.10108501275625123,-0.02455387246988445,10.0
27.0,9.472650940994239,0.08869353573364998,-0.02477963085731244,10.0
27.5,9.513979614350568,0.07620870325542076,-0.0249804306578824,10.0
28.0,9.549007521911435,0.06364156465786498,-0.025155494511699093,10.0
28.5,9.577707239827491,0.051003416341043446,-0.025304135700854366,10.0
29.0,9.600055210206259,0.03830576980591501,-0.025425765229998887,10.0
29.5,9.616031756397186,0.025560317759099033,-0.025519898007958206,10.0
30.0,9.625621095859902,0.012778898565817385,-0.02558615801768079,10.0
30.5,9.628811350607547,-2.6540641258939626e-05,-0.025624282378498404,10.0
31.0,9.625594555218637,-0.012843981867159097,-0.025634124224079458,10.0
31.5,9.615966662412335,-0.025661374826483042,-0.025615654341038893,10.0
32.0,9.599927546183636,-0.03846667582332272,-0.025568961536631678,10.0
32.5,9.577481002496427,-0.05124788657537509,-0.025494251728211438,10.0
33.0,9.548634747533919,-0.06399309261926868,-0.025391845771538694,10.0
33.5,9.513400413507497,-0.07669050094125524,-0.025262176069140704,10.0
34.0,9.471793542026543,-0.08932847649061755,-0.025105782022646943,10.0
34.5,9.423833575033289,-0.101895577251875,-0.024923304413885093,10.0
35.0,9.369543843308346,-0.1143805875758331,-0.02471547881796241,10.0
35.5,9.30895155255397,-0.12677254949793598,-0.024483128166968814,10.0
36.0,9.242087767063742,-0.1390607918045819,-0.024227154595168866,10.0
36.5,9.168987390988793,-0.15123495664329525,-0.02394853070504856,10.0
37.0,9.089689147212175,-0.16328502350980884,-0.0236482903986069,10.0
37.5,9.00423555384458,-0.17520133048372274,-0.023327519419683154,10.0
38.0,8.912672898355954,-0.18697459262318458,-0.022987345751008522,10.0
38.5,8.815051209359169,-0.19859591746750432,-0.022628930004462162,10.0
39.0,8.711424226063246,-0.21005681763372583,-0.02225345593501345,10.0
39.5,8.601849365415244,-0.2213492205285503,-0.021862121198407927,10.0
40.0,8.486387686951149,-0.23246547522971484,-0.021456128460230837,10.0
40.5,8.365103855377786,-0.24339835662074683,-0.021036676950449765,10.0
41.0,8.23806610090898,-0.2541410668896434,-0.02060495454268185,10.0
41.5,8.105346177380712,-0.2646872345247419,-0.02016213042230485,10.0
42.0,7.967019318171353,-0.2750309109603555,-0.01970934839255627,10.0
42.5,7.823164189954484,-0.2851665650401298,-0.019247720852873965,10.0
43.0,7.673862844313081,-0.2950890754777501,-0.01877832346973191,10.0
43.5,7.519200667245261,-0.3047937215027307,-0.018302190547274173,10.0
44.0,7.359266326593062,-0.31427617188379786,-0.017820311093159798,10.0
44.5,7.194151717427005,-0.323532472523887,-0.01733362556460117,10.0
45.0,7.023951905420541,-0.3325590328196079,-0.016843023270687853,10.0
45.5,6.848765068249646,-0.34135261097431335,-0.016349340399464916,10.0
46.0,6.668692435054126,-0.34991029844793753,-0.015853358632322373,10.0
46.5,6.483838223998397,-0.3582295037191794,-0.015355804303668053,10.0
47.0,6.29430957797064,-0.3663079355263459,-0.014857348060554828,10.0
47.5,6.100216498460485,-0.37414358574288653,-0.014358604975056604,10.0
48.0,5.90167177765642,-0.3817347120325375,-0.013860135061281387,10.0
48.5,5.69879092880532,-0.3890798204172985,-0.013362444148947125,10.0
49.0,5.4916921148774716,-0.3961776478794492,-0.012865985066436646,10.0
49.5,5.280496075581668,-0.4030271451068228,-0.012371159087983237,10.0
50.0,5.065326052775844,-0.40962745947872603,-0.011878317601677409,10.0
50.5,4.846307714319786,-0.4159779183781817,-0.011387763957710396,10.0
51.0,4.623569076417465,-0.42207801290519054,-0.010899755459258125,10.0
51.5,4.397240424497358,-0.4279273820550458,-0.010414505461462041,10.0
52.0,4.167454232680199,-0.43352579741583047,-0.009932185547393096,10.0
52.5,3.934345081884345,-0.4388731484300708,-0.00945292775311388,10.0
53.0,3.6980495766198773,-0.4439694282569666,-0.008976826817277014,10.0
53.5,3.4587062605233374,-0.4488147202639986,-0.008503942433918247,10.0
54.0,3.216455530685778,-0.4534091851697089,-0.008034301490170969,10.0
54.5,2.971439550827623,-0.45775304885334744,-0.007567900273659242,10.0
55.0,2.7238021633744722,-0.4618465908416932,-0.0071047066369433545,10.0
55.5,2.473688800488711,-0.46569013347858124,-0.00664466210904934,10.0
56.0,2.2212463941124705,-0.46928403177880446,-0.006187683946438327,10.0
56.5,1.9666232850779855,-0.4726286639645937,-0.005733667117840561,10.0
57.0,1.7099691313421599,-0.4757244226801944,-0.00528248621948995,10.0
57.5,1.4514348154025227,-0.47857170687796174,-0.004833997318864881,10.0
58.0,1.1911723509523662,-0.48117091436761145,-0.004388039726651494,10.0
58.5,0.929334788833327,-0.4835224350192322,-0.003944437698030503,10.0
59.0,0.6660761223440343,-0.4856266446098143,-0.003503002065490764,10.0
59.5,0.40155119196398115,-0.48748389930272945,-0.0030635318065628052,10.0
60.0,0.13591558955201943,-0.48909453074964787,-0.002625815550610729,10.0
60.5,-0.13067443792074318,-0.4904588418045456,-0.0021896330296398256,10.0
61.0,-0.39806208504353835,-0.4915771028401365,-0.0017547564787346287,10.0
61.5,-0.6660900849837823,-0.4924495486577454,-0.0013209519921867949,10.0
62.0,-0.9346008067895426,-0.49307637598264087,-0.0008879808419468407,10.0
62.5,-1.2034363529159835,-0.4934577415380414,-0.00045560076523690446,10.0
63.0,-1.472438656914912,-0.49359376069213867,-2.3567228494231914e-05,10.0
63.5,-1.7414495812264508,-0.4934845066739794,0.0004083653250065141,10.0
64.0,-2.0103110150118897,-0.4931300103553355,0.0008404422364660854,10.0
64.5,-2.2788649719665797,-0.49253026059720373,0.0012729073942157713,10.0
65.0,-2.546953688051909,-0.491685205161097,0.0017060019903001376,10.0
65.5,-2.814419719085361,-0.4905947521866095,0.002139963263588696,10.0
66.0,-3.081106038127741,-0.48925877223827224,0.0025750232221516864,10.0
66.5,-3.346856132606871,-0.487677100925935,0.0030114073379473886,10.0
67.0,-3.611514101117079,-0.4858495421041626,0.00344933320701802,10.0
67.5,-3.8749247498341353,-0.4837758716572814,0.003889009168894504,10.0
68.0,-4.136933688485478,-0.4814558418775208,0.004330632879319405,10.0
68.5,-4.3973874258158165,-0.4788891864445405,0.004774389830959961,10.0
69.0,-4.656133464488625,-0.47607562601501163,0.0052204518175058,10.0
69.5,-4.913020395364226,-0.4730148744312009,0.005668975337175573,10.0
70.0,-5.1678979910957175,-0.46970664555748176,0.006120099932733434,10.0
70.5,-5.4206172989843235,-0.4661506607531416,0.00657394646609041,10.0
71.0,-5.671030733036231,-0.46234665698918154,0.007030615326710194,10.0
71.5,-5.918992165163516,-0.4582943956154991,0.007490184574517443,10.0
72.0,-6.164357015472234,-0.4539936717831469,0.007952708019403969,10.0
72.5,-6.406982341581356,-0.4494443245242253,0.008418213241215191,10.0
73.0,-6.646726926916858,-0.4446462474891206,0.008886699555977264,10.0
73.5,-6.883451367925835,-0.43959940033755024,0.009358135936190632,10.0
74.0,-7.117018160156315,-0.4343038207758311,0.009832458895356234,10.0
74.5,-7.347291783148998,-0.4287596372281817,0.010309570349256407,10.0
75.0,-7.574138784088031,-0.42296708212459305,0.010789335469257439,10.0
75.5,-7.797427860158609,-0.4169265057816782,0.01127158054561884,10.0
76.0,-8.017029939560034,-0.41063839084629594,0.011756090881784828,10.0
76.5,-8.232818261123771,-0.4041033672641043,0.01224260874372545,10.0
77.0,-8.444668452486741,-0.3973222277270901,0.012730831391280301,10.0
77.5,-8.652458606771177,-0.3902959435453098,0.01322040922177525,10.0
78.0,-8.856069357723207,-0.38302568087839506,0.013710944059165805,10.0
78.5,-9.0553839532633,-0.3755128172524158,0.014201987624820289,10.0
79.0,-9.250288327402739,-0.36775895827698524,0.014693040228769267,10.0
79.5,-9.440671170481217,-0.35976595446662324,0.015183549722535725,10.0
80.0,-9.62642399768186,-0.3515359180591347,0.01567291075675199,10.0
80.5,-9.807441215780884,-0.3430712397123827,0.01616046438791996,10.0
81.0,-9.983620188090292,-0.3343746049498444,0.016645498079464922,10.0
81.5,-10.15486129755318,-0.32544901021428796,0.017127246142165535,10.0
82.0,-10.321068007952233,-0.3162977783787768,0.017604890657764646,10.0
82.5,-10.482146923193342,-0.306924573554819,0.018077562927727754,10.0
83.0,-10.638007844627385,-0.29733341502904326,0.01854434548558068,10.0
83.5,-10.78856382637437,-0.28752869015325555,0.019004274706748703,10.0
84.0,-10.933731228615624,-0.27751516600745807,0.019456344044080944,10.0
84.5,-11.07342976882065,-0.2672979996525916,0.019899507909644683,10.0
85.0,-11.207582570876884,-0.25688274678933276,0.020332686215080928,10.0
85.5,-11.336116212091689,-0.24627536864119173,0.020754769572558847,10.0
86.0,-11.458960768037276,-0.2354822368856981,0.021164625147192945,10.0
86.5,-11.576049855210767,-0.2245101364654914,0.021561103139680425,10.0
87.0,-11.687320671482647,-0.21336626612305098,0.0219430438643167,10.0
87.5,-11.792714034308608,-0.20205823651810798,0.02230928537419795,10.0
88.0,-11.892174416680922,-0.19059406580522675,0.0226586715710088,10.0
88.5,-11.985649980796948,-0.17898217257165283,0.022990060722801967,10.0
89.0,-12.073092609423957,-0.16723136606068925,0.02330233429983361,10.0
89.5,-12.154457934940599,-0.15535083363463817,0.02359440602556955,10.0
90.0,-12.229705366037145,-0.14335012546259462,0.02386523102913262,10.0
90.5,-12.298798112057806,-0.13123913645168778,0.02411381497573334,10.0
91.0,-12.361703204970032,-0.11902808547585714,0.02433922304454018,10.0
91.5,-12.418391518947217,-0.1067274919922013,0.024540588619122197,10.0
92.0,-12.468837787552605,-0.09434815017159327,0.024717121553760508,10.0
92.5,-12.513020618513819,-0.08190110070635055,0.024868115880737306,10.0
93.0,-12.550922506078837,-0.06939760049251703,0.024992956828554503,10.0
93.5,-12.582529840945817,-0.056849090417202985,0.025091127029414222,10.0
94.0,-12.607832917760675,-0.04426716151120188,0.02516221180580218,10.0
94.5,-12.626825940177781,-0.03166351975358496,0.02520590344050466,10.0
95.0,-12.639507023480787,-0.019049949836970358,0.02522200435186194,10.0
95.5,-12.64587819476198,-0.006438278219334716,0.02521042911544943,10.0
96.0,-12.645945390660202,0.00615966419977829,0.025171205294593695,10.0
96.5,-12.639718452658796,0.018732079434531018,0.025104473064496674,10.0
97.0,-12.627211119946665,0.0312672394548816,0.025010483637575232,10.0
97.5,-12.608441019846985,0.04375352257621066,0.024889596520069064,10.0
98.0,-12.583429655819632,0.056179448868030654,0.0247422756516421,10.0
98.5,-12.55220239304497,0.06853371426976478,0.02456908449988994,10.0
99.0,-12.514788441598041,0.08080522312277812,0.024370680199522085,10.0
99.5,-12.471220837223823,0.09298311885342174,0.024147806841707677,10.0
100.0,-12.421536419725669,0.10505681257139539,0.023901288031461857,10.0
100.5,-12.365775808980462,0.11701600937987433,0.023632018840179455,10.0
101.0,-12.303983378595664,0.1288507322284584,0.023340957286803753,10.0
101.5,-12.236207227224767,0.14055134317609222,0.023029115483499157,10.0
102.0,-12.162499147559146,0.15210856196738934,0.022697550581218296,10.0
102.5,-12.082914593015863,0.1635134818623391,0.022347355647180628,10.0
103.0,-11.997512642142249,0.17475758269475133,0.021979650599750215,10.0
103.5,-11.906355960759683,0.1858327411686171,0.021595573317697188,10.0
104.0,-11.80951076187025,0.1967312384333871,0.02119627103008114,10.0
104.5,-11.707046763351467,0.20744576500810472,0.020782892080991357,10.0
105.0,-11.599037143465635,0.21796942315066617,0.020356578150116204,10.0
105.5,-11.485558494211615,0.22829572679109356,0.01991845699621469,10.0
106.0,-11.366690772548422,0.23841859916724883,0.019469635776759007,10.0
106.5,-11.24251724952106,0.24833236831730565,0.019011194982884158,10.0
107.0,-11.113124457320577,0.258031760595537,0.01854418301566537,10.0
107.5,-10.978602134311506,0.26751189238718653,0.01806961141720104,10.0
108.0,-10.839043168061096,0.2767682602037948,0.017588450758310906,10.0
108.5,-10.694543536406073,0.28579672934315054,0.017101627174481923,10.0
109.0,-10.545202246593817,0.2945935212980294,0.016610019532501692,10.0
109.5,-10.39112127253608,0.30315520009530367,0.016114457202737832,10.0
110.0,-10.23240549021461,0.3114786577425908,0.015615718405554847,10.0
110.5,-10.069162611278989,0.3195610989528968,0.015114529095330495,10.0
111.0,-9.901503114878473,0.32740002530988827,0.014611562342132548,10.0
111.5,-9.729540177770335,0.33499321902731277,0.014107438168211974,10.0
112.0,-9.553389602748569,0.34233872644573876,0.013602723795378607,10.0
112.5,-9.373169745437796,0.349434841399466,0.013097934258852537,10.0
113.0,-9.1890014394981,0.3562800885750798,0.012593533343326517,10.0
113.5,-9.001007920287742,0.36287320697198666,0.012089934798522217,10.0
114.0,-8.809314747031468,0.36921313356423635,0.011587503792835775,10.0
114.5,-8.614049723543106,0.3752989872516382,0.011086558566119885,10.0
115.0,-8.415342817552233,0.3811300531779917,0.01058737224518243,10.0
115.5,-8.213326078685162,0.38670576748378294,0.01009017478814368,10.0
116.0,-8.00813355515187,0.39202570255127717,0.009595155027230101,10.0
116.5,-7.799901209190779,0.39708955279117075,0.009102462782077882,10.0
117.0,-7.588766831324393,0.4018971210112573,0.008612211019100733,10.0
117.5,-7.374869953479578,0.4064483054006097,0.008124478035535341,10.0
118.0,-7.158351761026601,0.41074308715554725,0.007639309649302893,10.0
118.5,-6.9393550037922545,0.4147815187676766,0.007156721379206815,10.0
119.0,-6.718023906102543,0.41856371298910305,0.006676700602199374,10.0
119.5,-6.494504075911312,0.4220898324848273,0.006199208677208222,10.0
120.0,-6.268942413071749,0.4253600801787674,0.005724183027381983,10.0
120.5,-6.041487016807984,0.4283746902961122,0.005251539174437678,10.0
121.0,-5.812287092444896,0.43113392010200446,0.004781172721173325,10.0
121.5,-5.581492857454321,0.43363804233443776,0.004312961279512086,10.0
122.0,-5.349255446876498,0.4358873383271043,0.0038467663433140826,10.0
122.5,-5.115726818176045,0.43788209181710736,0.0033824351065815943,10.0
123.0,-4.881059655591754,0.43962258343118843,0.0029198022285724947,10.0
123.5,-4.645407274040339,0.44110908584371644,0.0024586915488854218,10.0
124.0,-4.408923522634026,0.4423418595996649,0.0019989177559922955,10.0
124.5,-4.171762687872438,0.44332114959546787,0.0015402880137560001,10.0
125.0,-3.9340793965694356,0.4440471822114813,0.001082603551135912,10.0
125.5,-3.6960285185754294,0.4445201630899272,0.0006256612204424508,10.0
126.0,-3.457765069356274,0.4447402755530114,0.00016925503037204366,10.0
126.5,-3.21944411248949,0.44470767965687963,-0.0002868223401422964,10.0
127.0,-2.981220662138881,0.4444225118775756,-0.0007427780407426935,10.0
127.5,-2.7432495855686674,0.44388488542662263,-0.001198817554519381,10.0
128.0,-2.505685505757879,0.44309489119442413,-0.0016551432026991719,10.0
128.5,-2.268682704176219,0.4420525993207666,-0.002111952642526716,10.0
129.0,-2.0323950237819792,0.4407580613927608,-0.0025694373524559402,10.0
129.5,-1.7969757723027786,0.439211313270925,-0.0030277810987265974,10.0
130.0,-1.5625776258597392,0.43741237854535553,-0.0034871583778253645,10.0
130.5,-1.3293525329951301,0.4353612726240069,-0.003947732830232838,10.0
131.0,-1.0974516191638124,0.43305800745557865,-0.004409655620942818,10.0
131.5,-0.86702509174799,0.4305025968897672,-0.0048730637835257065,10.0
132.0,-0.6382221456547763,0.4276950626770301,-0.005338078525071079,10.0
132.5,-0.41119086955571715,0.4246354411100522,-0.005804803490314593,10.0
133.0,-0.1860781528267006,0.42132379030788086,-0.006273322984782087,10.0
133.5,0.03697040675328367,0.41776019814260545,-0.006743700157566885,10.0
134.0,0.2578105944869993,0.41394479080699464,-0.007215975146270273,10.0
134.5,0.4762996693701398,0.40987774201901805,-0.007690163187957565,10.0
135.0,0.692296453772054,0.4055592828570849,-0.008166252701699694,10.0
135.5,0.9056614221301391,0.4009897122163618,-0.008644203350510943,10.0
136.0,1.1162567886021737,0.39616940787300664,-0.009123944092100727,10.0
136.5,1.3239465936219768,0.3910988381390492,-0.009605371230505701,10.0
137.0,1.5285967893041565,0.38577857408546196,-0.01008834648271314,10.0
137.5,1.730075323644475,0.380209302305971,-0.010572695076832464,10.0
138.0,1.9282522234633355,0.37439183818773686,-0.011058203901213573,10.0
138.5,2.122999676040302,0.36832713964848796,-0.011544619726024663,10.0
139.0,2.3141921093887623,0.36201632129257433,-0.012031647521862589,10.0
139.5,2.501706271120474,0.3554606689302071,-0.012518948902261129,10.0
140.0,2.685421305850574,0.3486616543962568,-0.013006140719360128,10.0
140.5,2.8652188310948272,0.34162095059587977,-0.013492793844624623,10.0
141.0,3.040983011611429,0.33434044669519025,-0.013978432168129372,10.0
141.5,3.2126006321410436,0.32682226336592907,-0.01446253185206797,10.0
142.0,3.379961168499513,0.3190687679831856,-0.014944520875164258,10.0
142.5,3.5429568569786936,0.3110825896661693,-0.015423778905443985,10.0
143.0,3.7014827620122075,0.3028666340423339,-0.01589963753930964,10.0
143.5,3.8554368420635567,0.2944240976063462,-0.016371380943832437,10.0
144.0,4.004720013695582,0.28575848153718014,-0.01683824693825304,10.0
144.5,4.149236213781118,0.27687360482875173,-0.017299428548125738,10.0
145.0,4.288892459815875,0.26777361658350457,-0.01775407606219081,10.0
145.5,4.423598908295977,0.25846300731296146,-0.018201299618047808,10.0
146.0,4.553268911123483,0.2489466190858533,-0.018640172336839393,10.0
146.5,4.677819070004734,0.2392296543629395,-0.019069734020909897,10.0
147.0,4.797169288807457,0.22931768335787112,-0.019488995420544122,10.0
147.5,4.911242823843844,0.21921664976662714,-0.01989694306712554,10.0
148.0,5.019966332048257,0.20893287471324604,-0.020292544660616932,10.0
148.5,5.123269917019309,0.1984730587678107,-0.020674754988440965,10.0
149.0,5.221087172897631,0.18784428190377636,-0.021042522341958386,10.0
149.5,5.313355226051821,0.17705400127550475,-0.021394795385069894,10.0
150.0,5.400014774546499,0.16611004671401758,-0.021730530417765823,10.0
150.5,5.481010125367846,0.15502061385859328,-0.022048698966131278,10.0
151.0,5.556289229383276,0.14379425486439443,-0.02234829561905665,10.0
151.5,5.625803714013413,0.13243986665141538,-0.022628346021960597,10.0
152.0,5.689508913595946,0.12096667668708876,-0.022887914928888548,10.0
152.5,5.74736389742234,0.10938422632400448,-0.02312611420690893,10.0
153.0,5.799331495429907,0.09770235174445936,-0.023342110681439834,10.0
153.5,5.845378321533135,0.08593116259463397,-0.023535133707854733,10.0
154.0,5.885474794579713,0.07408101842248592,-0.02370448235396403,10.0
154.5,5.919595156918124,0.062162503064233654,-0.02384953207977245,10.0
155.0,5.947717490565203,0.050186397154067204,-0.023969740805500135,10.0
155.5,5.96982373096355,0.03816364895957674,-0.024064654266171586,10.0
156.0,5.985899678320193,0.0261053437708956,-0.024133910560890433,10.0
156.5,5.995935006519405,0.014022672094020482,-0.02417724381731352,10.0
157.0,5.999923269604109,0.0019268969175866406,-0.024194486906324166,10.0
157.5,5.997861905821807,-0.010170679662800277,-0.024185573158234427,10.0
158.0,5.989752239232525,-0.02225875016829129,-0.024150537049486543,10.0
158.5,5.975599478877722,-0.034326035508488804,-0.024089513847385675,10.0
159.0,5.955412715510756,-0.046361318500305414,-0.024002738219352924,10.0
159.5,5.929204915890867,-0.058353476837253095,-0.023890541831818646,10.0
160.0,5.896992914644311,-0.07029151522126538,-0.02375334998197364,10.0
160.5,5.858797403697711,-0.08216459638262046,-0.0235916773223554,10.0
161.0,5.814642919290221,-0.09396207073107457,-0.02340612275336051,10.0
161.5,5.764557826572659,-0.10567350440272362,-0.023197363571868343,10.0
162.0,5.708574301803202,-0.11728870549166148,-0.02296614897476495,10.0
162.5,5.646728312150788,-0.12879774828267038,-0.022713293024427574,10.0
163.0,5.579059593118906,-0.14019099533049975,-0.022439667188616275,10.0
163.5,5.5056116236038015,-0.1514591172617397,-0.02214619256978688,10.0
164.0,5.42643159860278,-0.16259311020647257,-0.021833831939067842,10.0
164.5,5.341570399589626,-0.1735843107982009,-0.021503581687540102,10.0
165.0,5.251082562575672,-0.18442440871100813,-0.02115646380282748,10.0
165.5,5.155026243876547,-0.1951054567325938,-0.020793517972200772,10.0
166.0,5.053463183605903,-0.20561987839943885,-0.020415793904825605,10.0
166.5,4.946458666919083,-0.2159604732461931,-0.020024343956277908,10.0
167.0,4.834081483030852,-0.2261204197447993,-0.01962021612732381,10.0
167.5,4.716403882032868,-0.236093276029263,-0.019204447497926547,10.0
168.0,4.593501529537985,-0.24587297852024662,-0.018778058145731722,10.0
168.5,4.465453459179569,-0.2554538385782491,-0.01834204558628554,10.0
169.0,4.332342022995707,-0.26483053732612954,-0.017897379761474434,10.0
169.5,4.1942528397292405,-0.27399811879101277,-0.017444998591628836,10.0
170.0,4.05127474107598,-0.2829519815216068,-0.016985804096866872,10.0
170.5,3.9034997159147897,-0.2916878688409205,-0.016520659084300213,10.0
171.0,3.751022852554275,-0.30020185789540815,-0.016050384389375193,10.0
171.5,3.5939422790323254,-0.3084903476605543,-0.015575756653109578,10.0
172.0,3.4323591015058,-0.31655004606023324,-0.015097506610914331,10.0
172.5,3.2663773407688463,-0.32437795635226035,-0.014616317864025952,10.0
173.0,3.0961038669396874,-0.33197136292678825,-0.014132826101157708,10.0
173.5,2.9216483323565585,-0.3393278166569162,-0.01364761873495483,10.0
174.0,2.7431231027248684,-0.3464451199325998,-0.013161234916604892,10.0
174.5,2.560643186558652,-0.35332131150052276,-0.01267416589093536,10.0
175.0,2.3743261629603314,-0.35995465122297365,-0.012186855654260727,10.0
175.5,2.1842921077841746,-0.36634360485961653,-0.01169970187810193,10.0
176.0,1.9906635182293702,-0.37248682896638685,-0.011213057062571948,10.0
176.5,1.7935652359100747,-0.37838315599609457,-0.010727229885295248,10.0
177.0,1.5931243684504768,-0.38403157967645896,-0.010242486713410496,10.0
177.5,1.3894702096538518,-0.3894312407319176,-0.009759053248498554,10.0
178.0,1.182734158295757,-0.3945814130075073,-0.009277116276959312,10.0
178.5,0.973049635591869,-0.399481490044945,-0.00879682550026591,10.0
179.0,0.7605520013922833,-0.4041309721533506,-0.008318295422736467,10.0
179.5,0.5453784691546582,-0.4085294540106785,-0.007841607276800841,10.0
180.0,0.3276680197492725,-0.412676612825161,-0.007366810968213708,10.0
180.5,0.10756131415015613,-0.41657219708081417,-0.006893927026503087,10.0
181.0,-0.11479939493338964,-0.42021601588592367,-0.006422948547718965,10.0
181.5,-0.3392703524294167,-0.4236079289387356,-0.0059538431193434625,10.0
182.0,-0.5657063912242266,-0.426747837121228,-0.0054865547190936295,10.0
182.5,-0.7939610233751679,-0.4296356737280392,-0.0050210055812816646,10.0
183.0,-1.0238865321580022,-0.43227139633533845,-0.004557098026505389,10.0
183.5,-1.2553340648916151,-0.4346549793120003,-0.004094716251488215,10.0
184.0,-1.4881537264817442,-0.4367864069734538,-0.0036337280779942865,10.0
184.5,-1.7221946736253078,-0.4386656673777256,-0.003173986660769185,10.0
185.0,-1.9573052096164805,-0.4402927467616859,-0.002715332155671416,10.0
185.5,-2.193332879694964,-0.4416676246154161,-0.0022575933505229336,10.0
186.0,-2.4301245668771427,-0.4427902693921286,-0.0018005892614859453,10.0
186.5,-2.6675265882099355,-0.4436606348508635,-0.0013441306992202809,10.0
187.0,-2.9053847913871964,-0.4442786570299403,-0.0008880218094248526,10.0
187.5,-3.1435446516683356,-0.44464425184903184,-0.0004320615929380659,10.0
188.0,-3.3818513690382472,-0.44475731333886376,2.3954588658811188e-05,10.0
188.5,-3.620149965548136,-0.4446177124980899,0.00048023351629016795,10.0
189.0,-3.8582853827760664,-0.4442252967775451,0.000936982618921194,10.0
189.5,-4.09610257934636,-0.44357989019352956,0.0013944084749982748,10.0
190.0,-4.333446628446926,-0.4426812940721546,0.0018527153033741145,10.0
190.5,-4.570162815283244,-0.44152928842823813,0.0023121034369771474,10.0
191.0,-4.806096734408388,-0.4401236339829712,0.0027727677732756876,10.0
191.5,-5.041094386867934,-0.4384640748251996,0.0032348961953186767,10.0
192.0,-5.275002277099089,-0.4365503417222778,0.0036986679574068444,10.0
192.5,-5.507667509523352,-0.4343821560869023,0.0041642520304880125,10.0
193.0,-5.7389378847724295,-0.43195923460647045,0.004631805402442343,10.0
193.5,-5.968661995486882,-0.42928129454211517,0.0051014713290959395,10.0
194.0,-6.196689321627959,-0.42634805970425316,0.005573377533249268,10.0
194.5,-6.422870325242681,-0.42315926711085566,0.006047634349378336,10.0
195.0,-6.647056544623017,-0.41971467433436926,0.006524332813135435,10.0
195.5,-6.86910068780026,-0.416014067541489,0.007003542696095924,10.0
196.0,-7.088856725315904,-0.41205727022887856,0.007485310487406493,10.0
196.5,-7.306179982211267,-0.40784415265559393,0.007969657326314659,10.0
197.0,-7.520927229178071,-0.4033746419701459,0.008456576890794223,10.0
197.5,-7.7329567728130035,-0.39864873302739995,0.008946033249870101,10.0
198.0,-7.9421285449198855,-0.39366649988614794,0.009437958689526486,10.0
198.5,-8.14830419080329,-0.38842810797417304,0.009932251524189155,10.0
199.0,-8.351347156498692,-0.38293382690229805,0.010428773909043147,10.0
199.5,-8.551122774884329,-0.37718404390280835,0.010927349670604462,10.0
200.0,-8.747498350620921,-0.3711792778615667,0.011427762176185439,10.0
200.5,-8.940343243866218,-0.36492019390525077,0.011929752265898342,10.0
201.0,-9.12952895271168,-0.35840761849765185,0.012433016273603424,10.0
201.5,-9.314929194290077,-0.3516425549899967,0.012937204166929755,10.0
202.0,-9.496419984502918,-0.34462619956072654,0.013441917838825972,10.0
202.5,-9.673879716317977,-0.33735995747068304,0.013946709586345873,10.0
203.0,-9.847189236587889,-0.3298454595486095,0.014451080814967652,10.0
203.5,-10.016231921341555,-0.32208457881155556,0.014954481008766231,10.0
204.0,-10.1808937495015,-0.3140794471133644,0.01545630700926027,10.0
204.5,-10.34106337498079,-0.3058324717030824,0.01595590264648396,10.0
205.0,-10.496632197114492,-0.29734635156434225,0.01645255876677579,10.0
205.5,-10.647494429381569,-0.28862409339549333,0.01694551370159555,10.0
206.0,-10.793547166374045,-0.27966902708035596,0.01743395422035385,10.0
206.5,-10.934690448971713,-0.2704848204897951,0.01791701700865377,10.0
207.0,-11.070827327681412,-0.26107549344575365,0.018393790709489773,10.0
207.5,-11.201863924101232,-0.25144543067280356,0.01886331856059219,10.0
208.0,-11.327709490471229,-0.24159939355663232,0.01932460165536517,10.0
208.5,-11.448276467273164,-0.2315425305259422,0.01977660284723088,10.0
209.0,-11.563480538843391,-0.2212803858734083,0.020218251309124927,10.0
209.5,-11.673240686963926,-0.2108189068328711,0.020648447749555408,10.0
210.0,-11.7774792423981,-0.20016444873513337,0.02106607027552891,10.0
210.5,-11.876121934338622,-0.18932377807231182,0.02146998088060674,10.0
211.0,-11.969097937736857,-0.17830407331222517,0.021859032522897514,10.0
211.5,-12.056339918483852,-0.16711292331906244,0.022232076744583888,10.0
212.0,-12.137784076414682,-0.15575832325457795,0.022587971770169475,10.0
212.5,-12.213370186109119,-0.14424866785623233,0.022925591006755924,10.0
213.0,-12.283041635463134,-0.13259274201344246,0.023243831856420104,10.0
213.5,-12.34674546200689,-0.1207997085915043,0.023541624737940622,10.0
214.0,-12.404432386946596,-0.10887909348363915,0.023817942204351444,10.0
214.5,-12.456056846908728,-0.0968407679046871,0.024071808033120944,10.0
215.0,-12.501577023366735,-0.0846949279752804,0.024302306158783045,10.0
215.5,-12.54095486973176,-0.07245207168117075,0.02450858931349235,10.0
216.0,-12.574156136090275,-0.06012297332914,0.024689887239217296,10.0
216.5,-12.601150391573187,-0.047718655657083484,0.02484551433721065,10.0
217.0,-12.62191104434223,-0.035250359790860074,0.02497487662515119,10.0
217.5,-12.63641535918113,-0.02272951327378873,0.02507747788072201,10.0
218.0,-12.64464447268042,-0.010167696424916254,0.025152924861978,10.0
218.5,-12.646583406006306,0.002423392690812878,0.02520093150933162,10.0
219.0,-12.642221075245537,0.015031974374688568,0.02522132205133878,10.0
219.5,-12.631550299319693,0.027646224164905312,0.025214032955989313,10.0
220.0,-12.614567805463874,0.040254310129366165,0.02517911369034388,10.0
220.5,-12.5912742322662,0.05284443023698943,0.025116726273665523,10.0
221.0,-12.561674130266216,0.06540484946258432,0.02502714363218838,10.0
221.5,-12.525775960111668,0.07792393628494115,0.024910746785929035,10.0
222.0,-12.483592088274689,0.09039019824769917,0.02476802091971867,10.0
222.5,-12.435138780330044,0.10279231626836118,0.024599550410865333,10.0
223.0,-12.380436191799443,0.11511917740126594,0.024406012903678994,10.0
223.5,-12.319508356567624,0.12735990578538167,0.02418817253676776,10.0
224.0,-12.252383172877286,0.1395038915367043,0.023946872441481384,10.0
224.5,-12.179092386911567,0.15154081737693745,0.023683026639191033,10.0
225.0,-12.099671573974174,0.1634606828244246,0.023397611471101788,10.0
225.5,-12.014160117278871,0.17525382580901186,0.023091656697129353,10.0
226.0,-11.922601184361492,0.18691094160918417,0.0227662363996803,10.0
226.5,-11.825041701129033,0.19842309904602776,0.0224224598244427,10.0
227.0,-11.721532323562045,0.20978175390421083,0.02206146228419193,10.0
227.5,-11.61212740708782,0.22097875958434082,0.021684396242679323,10.0
228.0,-11.496884973643466,0.23200637502294022,0.02129242268514311,10.0
228.5,-11.375866676449363,0.24285726994599485,0.0208867028696592,10.0
229.0,-11.249137762514819,0.2535245275483089,0.020468390540082412,10.0
229.5,-11.116767032899372,0.2640016447142427,0.020038624667787504,10.0
230.0,-10.978826800754392,0.27428252991541774,0.019598522775019955,10.0
230.5,-10.835392847171125,0.2843614989371037,0.019149174878759678,10.0
231.0,-10.686544374862686,0.29423326859802473,0.018691638080727612,10.0
231.5,-10.532363959708816,0.3038929486376854,0.018226931816345226,10.0
232.0,-10.372937500193588,0.31333603195144355,0.017756033764008805,10.0
232.5,-10.208354164767574,0.3225583833567486,0.017279876405572322,10.0
233.0,-10.038706337167223,0.3315562270741659,0.016799344219914924,10.0
233.5,-9.864089559725613,0.3403261331047636,0.016315271483755535,10.0
234.0,-9.68460247470977,0.3488650026809438,0.01582844064735318,10.0
234.5,-9.500346763721216,0.3571700529614815,0.015339581248036928,10.0
235.0,-9.311427085197481,0.36523880113391155,0.014849369320533412,10.0
235.5,-9.117951010053456,0.3730690480779862,0.014358427260771136,10.0
236.0,-8.920028955502929,0.38065886173431523,0.01386732409852618,10.0
236.5,-8.717774117101241,0.38800656031136405,0.013376576133430745,10.0
237.0,-8.511302399051717,0.39511069545282546,0.012886647889815068,10.0
237.5,-8.300732342819126,0.4019700354763966,0.012397953346682504,10.0
238.0,-8.086185054094758,0.4085835487833232,0.011910857400996334,10.0
238.5,-7.867784128158727,0.41495038752742364,0.011425677524847208,10.0
239.0,-7.645655573685886,0.4210698716213575,0.010942685579178237,10.0
239.5,-7.419927735042976,0.42694147314752584,0.010462109750078184,10.0
240.0,-7.190731213125456,0.4325648012315843,0.00998413657641934,10.0
240.5,-6.9581987847833,0.4379395874270982,0.00950891304075292,10.0
241.0,-6.722465320886213,0.4430656716518025,0.009036548698639582,10.0
241.5,-6.483667703079097,0.447942988708048,0.008567117824189126,10.0
242.0,-6.241944739279886,0.4525715554128612,0.008100661553101317,10.0
242.5,-5.997437077972416,0.45695145835721046,0.0076371900070559195,10.0
243.0,-5.750287121347675,0.46108284230805086,0.007176684385964304,10.0
243.5,-5.500638937347863,0.46496589926225107,0.006719099017419205,10.0
244.0,-5.248638170667826,0.4686008581572008,0.006264363354516526,10.0
244.5,-4.994431952769602,0.47198797523917757,0.0058123839158048364,10.0
245.0,-4.738168810966122,0.47512752508796663,0.005363046162881426,10.0
245.5,-4.479998576630748,0.47801979229346575,0.004916216312946628,10.0
246.0,-4.220072292590093,0.4806650637785273,0.0044717430853736745,10.0
246.5,-3.9585421197576185,0.4830636217607173,0.004029459382309149,10.0
247.0,-3.695561243066478,0.4852157373445957,0.003589183905116011,10.0
247.5,-3.4312837767602264,0.48712166473600205,0.0031507227092098288,10.0
248.0,-3.1658646691003707,0.48878163606911584,0.002713870700842385,10.0
248.5,-2.8994596065505074,0.4901958568376658,0.002278413080509818,10.0
249.0,-2.632224917496455,0.49136450192189074,0.0018441267377534314,10.0
249.5,-2.3643174755627268,0.49228771220329,0.0014107816032786042,10.0
250.0,-2.0958946025855543,0.49296559176052035,0.0009781419645462737,10.0
250.5,-1.827113971302953,0.4933982056403183,0.0005459677514095188,10.0
251.0,-1.558133507822765,0.4935855781989784,0.00011401579895315072,10.0
251.5,-1.2891112939292164,0.49352769201100155,-0.0003179589056539523,10.0
252.0,-1.0202054692891718,0.4932244873426996,-0.0007502019847082254,10.0
252.5,-0.7515741336190507,0.49267586219045195,-0.0011829584325102024,10.0
253.0,-0.48337524887333805,0.49188167288424745,-0.001616471371450746,10.0
253.5,-0.21576654151599595,0.49084173525906766,-0.002050980793954775,10.0
254.0,0.051094595064618886,0.489555826397889,-0.0024867222832647734,10.0
254.5,0.3170511979361512,0.48802368695125836,-0.002923925705582474,10.0
255.0,0.581946831737302,0.4862450240401847,-0.0033628138666466495,10.0
255.5,0.8456256854670272,0.48421951474969566,-0.0038036011261591758,10.0
256.0,1.1079326688872344,0.48194681022191155,-0.004246491963545126,10.0
256.5,1.3687135084791642,0.47942654035813564,-0.004691679489623937,10.0
257.0,1.6278148428933257,0.4766583191398956,-0.005139343898790666,10.0
257.5,1.8850843178335213,0.4736417505797093,-0.005589650857316429,10.0
258.0,2.1403706803158347,0.4703764353119085,-0.006042749824230814,10.0
258.5,2.3935238722435273,0.4668619778340691,-0.006498772301939031,10.0
259.0,2.6443951232397813,0.46309799440878685,-0.006957830015444574,10.0
259.5,2.89283704268012,0.4590841216343149,-0.007420013019770972,10.0
260.0,3.138703710867164,0.45482002569155533,-0.007885387736972187,10.0
260.5,3.3818507692909296,0.4503054122723535,-0.008353994925800906,10.0
261.0,3.6221355099180927,0.44554003719196394,-0.008825847588636165,10.0
261.5,3.859416963454837,0.44052371768524123,-0.009300928822968743,10.0
262.0,4.093555986527981,0.4352563443821044,-0.009779189626464534,10.0
262.5,4.324415347730071,0.429737893953827,-0.01026054666737381,10.0
263.0,4.551859812474824,0.4239684424160137,-0.010744880034760812,10.0
263.5,4.775756226609761,0.4179481790686673,-0.011232030985607095,10.0
264.0,4.995973598734158,0.4116774210468757,-0.011721799709475185,10.0
264.5,5.212383181170743,0.40515662844800965,-0.012213943134059543,10.0
265.0,5.424858549540708,0.39838641999350394,-0.012708172798452547,10.0
265.5,5.633275680892418,0.3913675891738719,-0.013204152824284499,10.0
266.0,5.8375130303349305,0.3841011208163144,-0.013701498017991446,10.0
266.5,6.0374516061287515,0.3765882080036924,-0.014199772141197968,10.0
267.0,6.232975043186803,0.36883026926252993,-0.014698486388637492,10.0
267.5,6.4239696749398,0.3608289659267,-0.015197098116100385,10.0
268.0,6.6103246035212955,0.35258621957114344,-0.01569500986327525,10.0
268.5,6.791931768228409,0.34410422939839147,-0.016191568717892613,10.0
269.0,6.9686860122158105,0.3353854894484538,-0.016686066069293303,10.0
269.5,7.140485147381138,0.3264328054906895,-0.01717773779938003,10.0
270.0,7.30723001740148,0.3172493114453313,-0.017665764958633708,10.0
270.5,7.468824558881634,0.30783848517128765,-0.018149274973359105,10.0
271.0,7.625175860575899,0.2982041634475817,-0.018627343427153206,10.0
271.5,7.776194220646596,0.2883505559675096,-0.019098996455867087,10.0
272.0,7.921793201923535,0.2782822581579653,-0.019563213789499014,10.0
272.5,8.061889685129989,0.2680042626321651,-0.020018932467640506,10.0
273.0,8.196403920042066,0.257521969081596,-0.020465051246434673,10.0
273.5,8.325259574549369,0.2468411924140885,-0.020900435704906323,10.0
274.0,8.44838378158666,0.23596816894837466,-0.021323924047646076,10.0
274.5,8.565707183907028,0.22490956048238758,-0.021734333587639,10.0
275.0,8.677163976668792,0.21367245606341434,-0.022130467879533017,10.0
275.5,8.782691947809562,0.20226437130206465,-0.022511124459068037,10.0
276.0,8.882232516182231,0.19069324509035618,-0.02287510312923365,10.0
276.5,8.975730767429297,0.17896743360567785,-0.023221214718850684,10.0
277.0,9.063135487573,0.16709570150782668,-0.023548290224000578,10.0
277.5,9.14439919430047,0.1550872102652532,-0.023855190228951495,10.0
278.0,9.219478165924375,0.14295150357827394,-0.0241408144902192,10.0
278.5,9.28833246800096,0.1306984899018849,-0.024404111556312086,10.0
279.0,9.350925977589077,0.11833842210719132,-0.0246440882871383,10.0
279.5,9.407226405134955,0.10588187435863212,-0.024859819130546478,10.0
280.0,9.457205313969204,0.0933397163230685,-0.02505045501055858,10.0
280.5,9.500838137403878,0.08072308486539582,-0.02521523168209868,10.0
281.0,9.538104193419011,0.06804335342320021,-0.025353477410838824,10.0
281.5,9.568986696929512,0.0553120992887954,-0.02546461984420288,10.0
282.0,9.593472769624789,0.04254106906035522,-0.025548191950586573,10.0
282.5,9.61155344737507,0.029742142553474467,-0.02560383691842203,10.0
283.0,9.623223685199802,0.016927295489930667,-0.02563131192401069,10.0
283.5,9.628482359795118,0.004108561301018638,-0.025630490697362805,10.0
284.0,9.62733226961886,-0.008702007602346126,-0.025601364837520863,10.0
284.5,9.619780132533128,-0.02149237873136553,-0.025544043852385803,10.0
285.0,9.605836581005946,-0.03425057822864448,-0.025458753922620214,10.0
285.5,9.585516154875037,-0.04696472902405401,-0.025345835413588244,10.0
286.0,9.558837291678367,-0.05962308808562825,-0.025205739183043745,10.0
286.5,9.52582231455749,-0.07221408242934971,-0.02503902175446057,10.0
287.0,9.486497417741333,-0.0847263435723658,-0.02484633944612403,10.0
287.5,9.440892649619578,-0.09714874013998202,-0.024628441563809493,10.0
288.0,9.38904189341623,-0.10947040836674586,-0.0243861627792767,10.0
288.5,9.33098284547555,-0.1216807802653416,-0.024120414827907742,10.0
289.0,9.26675699117392,-0.1337696092730694,-0.02383217766646423,10.0
289.5,9.19640957847283,-0.1457269932235972,-0.023522490235867125,10.0
290.0,9.119989589129467,-0.157543394530402,-0.02319244097410471,10.0
290.5,9.037549707583022,-0.1692096575070065,-0.02284315822159897,10.0
291.0,8.949146287536207,-0.18071702278734314,-0.022475800655331744,10.0
291.5,8.85483931625288,-0.19205713884604106,-0.022091547879028207,10.0
292.0,8.754692376594152,-0.20322207065275086,-0.021691591286020787,10.0
292.5,8.648772606816781,-0.21420430552656394,-0.02127712529852787,10.0
293.0,8.537150658158945,-0.22499675628495386,-0.020849339073123824,10.0
293.5,8.419900650240093,-0.23559276180709463,-0.020409408747534077,10.0
294.0,8.297100124302613,-0.24598608515284512,-0.019958490288349836,10.0
294.5,8.168829994324698,-0.256170909396265,-0.019497712984764718,10.0
295.0,8.035174496035014,-0.26614183134695735,-0.01902817361866718,10.0
295.5,7.896221133860948,-0.27589385334241817,-0.018550931327670665,10.0
296.0,7.7520606258438605,-0.2854223733017512,-0.01806700316532286,10.0
296.5,7.602786846555535,-0.2947231732345017,-0.01757736035088382,10.0
297.0,7.448496768051765,-0.3037924063987445,-0.01708292519153943,10.0
297.5,7.289290398899894,-0.3126265833007138,-0.01658456865107504,10.0
298.0,7.125270721318451,-0.3212225567232469,-0.016083108532153553,10.0
298.5,6.9565436264683544,-0.32957750596421675,-0.01557930823388224,10.0
299.0,6.7832178479359,-0.3376889204575396,-0.015073876041700853,10.0
299.5,6.6054048934493785,-0.3455545829397098,-0.014567464904390343,10.0
300.0,6.423218974871901,-0.35317255231451683,-0.014060672650911429,10.0
300.5,6.236776936514207,-0.36054114635678625,-0.013554042599317867,10.0
301.0,6.046198181812443,-0.3676589243846451,-0.013048064510566766,10.0
301.5,5.851604598416534,-0.37452467001762213,-0.012543175840645073,10.0
302.0,5.65312048173617,-0.3811373741257994,-0.012039763246757984,10.0
302.5,5.45087245699216,-0.3874962180638368,-0.011538164305386726,10.0
303.0,5.244989399821828,-0.3936005572719103,-0.011038669402765164,10.0
303.5,5.035602355488302,-0.39944990531508995,-0.010541523761524526,10.0
304.0,4.8228444567439235,-0.405043918422213,-0.010046929569982812,10.0
304.5,4.606850840399374,-0.4103823805755574,-0.009555048184348781,10.0
305.0,4.387758562650563,-0.41546518919409303,-0.009066002377102632,10.0
305.5,4.1657065132161994,-0.4202923414444883,-0.008579878608178475,10.0
306.0,3.9408353283399054,-0.4248639212071474,-0.008096729298933786,10.0
306.5,3.7132873027109907,-0.4291800867177171,-0.007616575091395024,10.0
307.0,3.483206300359174,-0.4332410588985475,-0.007139407078738008,10.0
307.5,3.250737664578864,-0.437047110389901,-0.006665188995290931,10.0
308.0,3.016028126939256,-0.4405985552858133,-0.006193859356940089,10.0
308.5,2.779225715437356,-0.4438957395763052,-0.005725333545322775,10.0
309.0,2.5404796618510126,-0.44693903229430704,-0.005259505830671861,10.0
309.5,2.2999403083501395,-0.4497288173630127,-0.004796251330709737,10.0
310.0,2.057759013424401,-0.4522654861378992,-0.0043354279042826195,10.0
310.5,1.8140880571860931,-0.4545494306356315,-0.003876877979965245,10.0
311.0,1.5690805461076693,-0.4565810374415921,-0.0034204303214502504,10.0
311.5,1.3228903172531004,-0.45836068228693155,-0.0029659017320246926,10.0
312.0,1.0756718420632034,-0.4598887252856033,-0.0025130987020780923,10.0
312.5,0.8275801297549812,-0.4611655068224155,-0.002061819004050245,10.0
313.0,0.5787706303952636,-0.4621913440828897,-0.0016118532399414078,10.0
313.5,0.32939913770950335,-0.462966528216811,-0.0011629863473838768,10.0
314.0,0.07962169168610611,-0.4634913221278861,-0.0007149990700730068,10.0
314.5,-0.17040551896255507,-0.4637659588826389,-0.00026766939935733177,10.0
315.0,-0.42052625442157776,-0.4637906407332117,0.00017922600630711693,10.0
315.5,-0.6705843214164937,-0.4635655387492804,0.0006259104171813096,10.0
316.0,-0.9204236708164715,-0.4630907930559635,0.0010726056361051106,10.0
316.5,-1.1698884951371118,-0.46236651367557224,0.0015195306038170164,10.0
317.0,-1.4188233258816383,-0.4613927819720104,0.0019668999986340776,10.0
317.5,-1.667073130659741,-0.4601696526982363,0.0024149228239022107,10.0
318.0,-1.9144834100234664,-0.45869715664768146,0.0028638009769055375,10.0
318.5,-2.1609002939593784,-0.45697530391193597,0.0033137277929895,10.0
319.0,-2.406170637977045,-0.4550040877475707,0.003764886559727647,10.0
319.5,-2.650142118733533,-0.45278348905537624,0.004217448995905064,10.0
320.0,-2.892663329134268,-0.4503134814761606,0.0046715736911653455,10.0
320.5,-3.133583872850904,-0.4475940371067388,0.0051274045026277,10.0
321.0,-3.3727544581967983,-0.44462513284044225,0.005585068905785245,10.0
321.5,-3.610026991302095,-0.4414067573352419,0.006044676298774067,10.0
322.0,-3.8452546685294755,-0.4379389186117692,0.006506316258553193,10.0
322.5,-4.078292068073157,-0.4342216522834474,0.006970056750477162,10.0
323.0,-4.3089952406842436,-0.43025503041747837,0.007435942293895793,10.0
323.5,-4.537221799464892,-0.4260391710248334,0.007903992086893082,10.0
324.0,-4.762831008676227,-0.42157424817419725,0.008374198096915772,10.0
324.5,-4.985683871503643,-0.4168605027211285,0.008846523124111574,10.0
325.0,-5.205643216725046,-0.411898253641473,0.009320898847498486,10.0
325.5,-5.4225737842281605,-0.40668790995185666,0.009797223866410416,10.0
326.0,-5.636342309322727,-0.4012299831966093,0.010275361750723633,10.0
326.5,-5.846817605795816,-0.3955251004744345,0.010755139117727497,10.0
327.0,-6.053870647657644,-0.389574017971383,0.01123634375436366,10.0
327.5,-6.2573746495271045,-0.383377634961297,0.01171872280723797,10.0
328.0,-6.45720514560711,-0.3769370082257434,0.012201981065650345,10.0
328.5,-6.65324006719968,-0.37025336683873805,0.012685779364254985,10.0
329.0,-6.845359818713213,-0.36332812725265184,0.01316973313622424,10.0
329.5,-7.0334473521137735,-0.35616290861213873,0.013653411148607903,10.0
330.0,-7.217388239774172,-0.3487595482148787,0.01413633445467553,10.0
330.5,-7.397070745675595,-0.3411201170266732,0.014617975599968963,10.0
331.0,-7.572385894916675,-0.33324693514988857,0.015097758119066823,10.0
331.5,-7.743227541487352,-0.32514258713402233,0.015575056362532813,10.0
332.0,-7.9094924342645765,-0.31680993700713594,0.016049195692242044,10.0
332.5,-8.071080281188902,-0.3082521428988825,0.016519453083757494,10.0
333.0,-8.227893811582106,-0.29947267111575604,0.016985058173201503,10.0
333.5,-8.379838836566385,-0.2904753095225677,0.017445194782756534,10.0
334.0,-8.526824307548043,-0.2812641800770666,0.017899002957096483,10.0
334.5,-8.668762372728619,-0.27184375035895497,0.018345581537328723,10.0
335.0,-8.805568431608418,-0.26221884393189077,0.01878399129440613,10.0
335.5,-8.937161187448591,-0.25239464937398515,0.019213258637382238,10.0
336.0,-9.063462697658556,-0.24237672781368022,0.019632379903053786,10.0
336.5,-9.184398422077823,-0.23217101881042543,0.020040326226020536,10.0
337.0,-9.299897269121725,-0.22178384442455817,0.020436048977207653,10.0
337.5,-9.409891639762368,-0.21122191132990661,0.020818485748614037,10.0
338.0,-9.514317469317515,-0.20049231083285932,0.02118656685090111,10.0
338.5,-9.61311426702102,-0.18960251667645384,0.021539222277819098,10.0
339.0,-9.706225153350474,-0.17856038052505907,0.02187538908031795,10.0
339.5,-9.793596895088493,-0.16737412504511756,0.022194019080557677,10.0
340.0,-9.875179938095918,-0.15605233452097966,0.022494086845153468,10.0
340.5,-9.950928437776579,-0.14460394296961143,0.022774597826538557,10.0
341.0,-10.02080028721438,-0.1330382197463074,0.023034596571480676,10.0
341.5,-10.084757142965486,-0.12136475266296037,0.023273174888940554,10.0
342.0,-10.142764448489288,-0.10959342867117496,0.02348947986303188,10.0
342.5,-10.194791455203644,-0.0977344121948323,0.023682721593739086,10.0
343.0,-10.240811241151393,-0.08579812122808682,0.023852180547308227,10.0
343.5,-10.280800727266335,-0.0737952013466375,0.023997214399462206,10.0
344.0,-10.314740691228767,-0.06173649781039769,0.024117264259598627,10.0
344.5,-10.342615778901797,-0.049633025964117755,0.024211860171142956,10.0
345.0,-10.364414513341458,-0.03749594016880831,0.024280625793556297,10.0
345.5,-10.380129301375057,-0.025336501519355466,0.024323282184044913,10.0
346.0,-10.389756437743596,-0.013166044623241273,0.024339650611558312,10.0
346.5,-10.393296106805872,-0.0009959437302458855,0.024329654352684527,10.0
347.0,-10.390752381803136,0.011162421486530695,0.02429331943711304,10.0
347.5,-10.382133221684951,0.023297700192360785,0.02423077432923507,10.0
348.0,-10.367450465498152,0.03539860438853993,0.024142248551910557,10.0
348.5,-10.346719824342632,0.04745394234363228,0.024028070277808178,10.0
349.0,-10.319960870898907,0.05945265116517873,0.023888662932008583,10.0
349.5,-10.287197026534177,0.07138382823243158,0.023724540867079327,10.0
350.0,-10.248455545994966,0.0832367612291036,0.023536304187127266,10.0
350.5,-10.203767499695914,0.09500095653668682,0.02332463281088254,10.0
351.0,-10.15316775361602,0.10666616577454861,0.023090279875041916,10.0
351.5,-10.09669494681474,0.11822241030070983,0.022834064586965023,10.0
352.0,-10.034391466582289,0.12966000351705761,0.022556864642088288,10.0
352.5,-9.966303421239628,0.14096957085448217,0.0222596083236314,10.0
353.0,-9.892480610605142,0.15214206734469327,0.021943266402282342,10.0
353.5,-9.812976494146753,0.16316879271790002,0.02160884395147194,10.0
354.0,-9.727848156839169,0.17404140399661638,0.021257372188238203,10.0
354.5,-9.63715627274792,0.18475192558569425,0.020889900443495008,10.0
355.0,-9.540965066362922,0.19529275688759795,0.020507488356265174,10.0
355.5,-9.43934227170568,0.20565667749733793,0.02011119837650812,10.0
356.0,-9.332359089236082,0.21583685005586314,0.019702088650587316,10.0
356.5,-9.220090140585377,0.22582682086136008,0.01928120635083497,10.0
357.0,-9.10261342114407,0.235620518355687,0.01884958149982082,10.0
357.5,-8.980010250534306,0.24521224961900803,0.018408221327268666,10.0
358.0,-8.852365220997603,0.2545966950166826,0.017958105186021533,10.0
358.5,-8.719766143730663,0.2637689011523094,0.01750018004312834,10.0
359.0,-8.582303993202391,0.27272427228668394,0.0170353565509593,10.0
359.5,-8.440072849487445,0.28145856038572553,0.01656450569524269,10.0
360.0,-8.293169838652252,0.2899678539623889,0.016088456007641964,10.0
360.5,-8.141695071230604,0.298248565875061,0.01560799132373775,10.0
361.0,-7.985751578827937,0.3062974202429671,0.01512384906214452,10.0
361.5,-7.825445248893283,0.3141114386337455,0.014636718994247613,10.0
362.0,-7.660884757700362,0.32168792567167964,0.014147242472060385,10.0
362.5,-7.492181501579527,0.3290244542088457,0.013656012077860416,10.0
363.0,-7.319449526443372,0.3361188501914448,0.013163571657754163,10.0
363.5,-7.142805455650785,0.34296917734589205,0.012670416701506752,10.0
364.0,-6.962368416253799,0.3495737217991999,0.012176995029371824,10.0
364.5,-6.778259963674147,0.355930976738134,0.01168370774904302,10.0
365.0,-6.590604004856341,0.3620396272031281,0.011190910445723963,10.0
365.5,-6.399526719945165,0.3678985351015556,0.010698914570179694,10.0
366.0,-6.205156482537295,0.3735067245169788,0.010207988992746553,10.0
366.5,-6.007623778556146,0.3788633673814007,0.009718361691744951,10.0
367.0,-5.807061123801409,0.38396776956839906,0.009230221549114103,10.0
367.5,-5.603602980224682,0.3888193574583981,0.008743720227374342,10.0
368.0,-5.39738567098321,0.39341766501789327,0.008258974104740363,10.0
368.5,-5.1885472943257875,0.3977623214290186,0.007776066249115838,10.0
369.0,-4.977227636363709,0.401853039299014,0.007295048412326794,10.0
369.5,-4.763568082782211,0.4056896034728302,0.006815943030433249,10.0
370.0,-4.547711529547344,0.4092718604686372,0.006338745217141666,10.0
370.5,-4.329802292663869,0.4125997085496202,0.005863424739564809,10.0
371.0,-4.1099860170414395,0.41567308844308243,0.005389927968968794,10.0
371.5,-3.888409584525186,0.41849197471404576,0.004918179799284713,10.0
372.0,-3.6652210211490632,0.42105636779726335,0.004448085529863041,10.0
372.5,-3.440569403669711,0.4233662866908147,0.00397953270931241,10.0
373.0,-3.214604765438991,0.4254217623107549,0.0035123929388122146,10.0
373.5,-2.987478001674962,0.4272228315064671,0.0030465236358522534,10.0
374.0,-2.7593407741895843,0.4287695317348517,0.0025817697586405057,10.0
374.5,-2.5303454156336307,0.4300618963903096,0.002117965494427213,10.0
375.0,-2.30064483331843,0.4310999507887754,0.0016549359145610091,10.0
375.5,-2.070392412674265,0.43188370880201116,0.0011924985998620617,10.0
376.0,-1.839741920406759,0.4324131701401553,0.0007304652418577467,10.0
376.5,-1.6088474074108032,0.43268831828036414,0.0002686432240038457,10.0
377.0,-1.3778631115036988,0.4327091190393711,-0.00019316281062252625,10.0
377.5,-1.1469433600380254,0.4324755197900589,-0.0006551493997115845,10.0
378.0,-0.9162424724548641,0.43198744932085864,-0.0011175127045347144,10.0
378.5,-0.685914662839243,0.4312448183392046,-0.0015804469481054237,10.0
379.0,-0.45611394253777027,0.4302475206205218,-0.002044142843621615,10.0
379.5,-0.2269940229002696,0.4289954348044226,-0.0025087860062992504,10.0
380.0,0.00129178179403322,0.42748842684209704,-0.002974555343235295,10.0
380.5,0.22859065116536526,0.4257263530974801,-0.0034416214162703053,10.0
381.0,0.45475035525579033,0.42370906410687087,-0.0039101447719779685,10.0
381.5,0.6796193506857762,0.42143640900138546,-0.004380274235488995,10.0
382.0,0.9030468763838484,0.4189082405961262,-0.004852145163586228,10.0
382.5,1.1248830488297754,0.4161244211513658,-0.0053258776546362884,10.0
383.0,1.3449789567519717,0.4130848288085643,-0.005801574713928535,10.0
383.5,1.5631867552190064,0.40978936470481975,-0.006279320373031625,10.0
384.0,1.7793597590673507,0.4062379607673387,-0.006759177764352402,10.0
384.5,1.9933525356057902,0.4024305881881028,-0.00724118715264248,10.0
385.0,2.205020996539514,0.3983672665769938,-0.007725363927735487,10.0
385.5,2.4142224890554687,0.3940480737882688,-0.008211696563363268,10.0
386.0,2.6208158860123127,0.389473156413685,-0.00870014454995446,10.0
386.5,2.8246616751788043,0.3846427409298908,-0.009190636311549451,10.0
387.0,3.025622047463955,0.3795571454848707,-0.009683067117956861,10.0
387.5,3.2235609840846413,0.3742167923027224,-0.010177297007644588,10.0
388.0,3.4183443426153186,0.3686222206798832,-0.010673148737701752,10.0
388.5,3.609839941866288,0.36277410054101233,-0.01117040578108339,10.0
389.0,3.7979176455376242,0.35667324651396637,-0.011668810394122842,10.0
389.5,3.982449444595656,0.35032063247713935,-0.012168061778971595,10.0
390.0,4.16330953832131,0.34371740652359395,-0.012667814370234363,10.0
390.5,4.340374413978791,0.3368649062771197,-0.013167676275988853,10.0
391.0,4.513522925055053,0.32976467448734986,-0.013667207907122426,10.0
391.5,4.682636368021267,0.3224184748195379,-0.014165920831286167,10.0
392.0,4.847598557567582,0.31482830774583315,-0.014663276888583932,10.0
392.5,5.008295900264823,0.3069964264340638,-0.015158687609446596,10.0
393.0,5.164617466606352,0.2989253525191785,-0.015651513974479222,10.0
393.5,5.316455061385195,0.29061789163356755,-0.016141066557484682,10.0
394.0,5.4637032923626245,0.28207714856098204,-0.016626606092641667,10.0
394.5,5.606259637184543,0.2733065418706324,-0.017107344504384517,10.0
395.0,5.744024508504479,0.2643098178791344,-0.01758244643787332,10.0
395.5,5.87690131727178,0.2550910637800962,-0.018051031323100195,10.0
396.0,6.004796534145594,0.24565471977629139,-0.01851217600219348,10.0
396.5,6.127619748996386,0.23600559004345284,-0.018964917943881745,10.0
397.0,6.245283728457117,0.22614885235344023,-0.01940825906100494,10.0
397.5,6.357704471488688,0.21609006618397375,-0.01984117014031604,10.0
398.0,6.464801262924256,0.20583517914403224,-0.02026259588313293,10.0
398.5,6.566496724959125,0.19539053155010921,-0.020671460545808675,10.0
399.0,6.662716866554048,0.18476285899524378,-0.021066674157631835,10.0
399.5,6.753391130720535,0.1739592927649211,-0.021447139280764024,10.0
400.0,6.838452439659049,0.16298735796786237,-0.021811758265521924,10.0
400.5,6.917837237721301,0.15185496926700254,-0.02215944094021619,10.0
401.0,6.99148553216993,0.1405704241175876,-0.022489112662913643,10.0
401.5,7.059340931710095,0.12914239344193676,-0.02279972265027925,10.0
402.0,7.1213506827684085,0.11757990969793153,-0.023090252486578786,10.0
402.5,7.177465703496933,0.10589235232696119,-0.02335972470707027,10.0
403.0,7.227640615480434,0.09408943059796518,-0.023607211340689313,10.0
403.5,7.271833773127227,0.08218116389753882,-0.023831842291378365,10.0
404.0,7.310007290725164,0.07017785954883404,-0.02403281343367265,10.0
404.5,7.3421270671455385,0.05809008827655493,-0.024209394296377786,10.0
405.0,7.368162808179614,0.0459286574687232,-0.02436093521080382,10.0
405.5,7.388088046493527,0.033704582418130936,-0.02448687380423692,10.0
406.0,7.401880159189066,0.021429055757404183,-0.024586740727489443,10.0
406.5,7.409520382959322,0.009113415329087866,-0.024660164516101483,10.0
407.0,7.410993826829431,-0.0032308892426285442,-0.02470687549792048,10.0
407.5,7.406289482474611,-0.01559233099123845,-0.024726708676282634,10.0
408.0,7.39540023210871,-0.027959340754654744,-0.024719605535430622,10.0
408.5,7.37832285393838,-0.04032034271375438,-0.02468561473444479,10.0
409.0,7.355058025179309,-0.0526637900009541,-0.024624891676507266,10.0
409.5,7.325610322632519,-0.06497820005563665,-0.02453769696099432,10.0
410.0,7.289988220820325,-0.07725218940756723,-0.024424393746564237,10.0
410.5,7.2482040876829235,-0.08947450757866145,-0.024285444073295078,10.0
411.0,7.200274177838354,-0.10163406980807732,-0.024121404210287436,10.0
411.5,7.146218623409725,-0.11371998832434302,-0.023932919111606644,10.0
412.0,7.086061422425594,-0.12572160191147344,-0.023720716078009994,10.0
412.5,7.019830424800427,-0.13762850354275294,-0.023485597733073797,10.0
413.0,6.9475573159039445,-0.14943056588509354,-0.023228434431418636,10.0
413.5,6.869277597729509,-0.16111796450902566,-0.022950156222228967,10.0
414.0,6.7850305676731,-0.17268119867202963,-0.022651744493806438,10.0
414.5,6.694859294936265,-0.18411110957707644,-0.022334223425069494,10.0
415.0,6.598810594567466,-0.19539889604205649,-0.021998651366171504,10.0
415.5,6.496934999158084,-0.20653612754854975,-0.02164611226547093,10.0
416.0,6.3892867282107275,-0.21751475467084863,-0.021277707252008206,10.0
416.5,6.275923655198644,-0.22832711691547417,-0.0208945464728671,10.0
417.0,6.1569072723371026,-0.23896594802954185,-0.02049774127432335,10.0
417.5,6.032302653088262,-0.24942437886126317,-0.020088396802860446,10.0
418.0,5.90217841242319,-0.2596959378775796,-0.01966760509028786,10.0
418.5,5.766606664865667,-0.2697745494636242,-0.01923643867374039,10.0
419.0,5.625662980343741,-0.27965453014353264,-0.01879594478846878,10.0
419.5,5.479426337876884,-0.289330582875281,-0.018347140159588615,10.0
420.0,5.327979077127189,-0.2987977895813382,-0.01789100640633175,10.0
420.5,5.171406847845135,-0.30805160208290916,-0.017428486062617564,10.0
421.0,5.009798557241335,-0.31708783160987525,-0.016960479207156317,10.0
421.5,4.843246315316795,-0.3259026370581766,-0.01648784068787287,10.0
422.0,4.671845378186324,-0.3344925121658369,-0.016011377918869352,10.0
422.5,4.495694089429765,-0.3428542717748536,-0.01553184922072125,10.0
423.0,4.314893819508151,-0.3509850373403319,-0.015049962671509832,10.0
423.5,4.129548903282375,-0.35888222184248586,-0.014566375431333718,10.0
424.0,3.9397665756730653,-0.36654351424755044,-0.014081693500508016,10.0
424.5,3.7456569055023925,-0.373966863655704,-0.01359647187111184,10.0
425.0,3.547332727558363,-0.3811504632639751,-0.013111215029488135,10.0
425.5,3.344909572924556,-0.3880927342614898,-0.012626377768973674,10.0
426.0,3.13850559761854,-0.3947923097651855,-0.0121423662719583,10.0
426.5,2.9282415095831924,-0.40124801889214,-0.011659539421959237,10.0
427.0,2.714240494077167,-0.4074588710556246,-0.011178210309283582,10.0
427.5,2.4966281375102133,-0.413424040561497,-0.010698647894495898,10.0
428.0,2.275532349771546,-0.4191428515713936,-0.010221078798171829,10.0
428.5,2.0510832850995016,-0.4246147634914155,-0.00974568918700004,10.0
429.0,1.8234132615414933,-0.42983935683468893,-0.009272626729102382,10.0
429.5,1.5926566790553096,-0.4348163195995203,-0.008802002595428043,10.0
430.0,1.3589499363019364,-0.4395454341970814,-0.008333893485226581,10.0
430.5,1.122431346182584,-0.44402656495534903,-0.007868343658061432,10.0
431.0,0.8832410501723338,-0.4482596462214136,-0.007405366956376585,10.0
431.5,0.6415209315035559,-0.4522446710772051,-0.006944948805174305,10.0
432.0,0.3974145272540346,-0.45598168068035727,-0.006487048178826283,10.0
432.5,0.15106693939375404,-0.4594707542373655,-0.006031599525639415,10.0
433.0,-0.09737525515336154,-0.46271199961228715,-0.005578514644574149,10.0
433.5,-0.34776409537692854,-0.46570554457273916,-0.00512768450915465,10.0
434.0,-0.5999503279204319,-0.46845152867079337,-0.00467898103541995,10.0
434.5,-0.8537834996363021,-0.47095009575598495,-0.004232258793433704,10.0
435.0,-1.1091120508989722,-0.47320138711573323,-0.003787356661512289,10.0
435.5,-1.3657834096168253,-0.4752055352370183,-0.0033440994253311584,10.0
436.0,-1.6236440858847034,-0.47696265818401945,-0.0029022993239185614,10.0
436.5,-1.8825397672182098,-0.4784728545843264,-0.0024617575456050696,10.0
437.0,-2.142315414309511,-0.4797361992179503,-0.0020222656789289214,10.0
437.5,-2.4028153572459052,-0.4807527392031057,-0.00158360712241627,10.0
438.0,-2.663883392130204,-0.48152249077283643,-0.0011455584596355075,10.0
438.5,-2.9253628780429795,-0.48204543663885235,-0.0007078908051350735,10.0
439.0,-3.1870968342864816,-0.48232152393796873,-0.0002703711273487749,10.0
439.5,-3.448928037848639,-0.4823506627591956,0.00016723644388244268,10.0
440.0,-3.7106991210273508,-0.48213272525019707,0.0006051693191700281,10.0
440.5,-3.9722526691532636,-0.4816675453025341,0.0010436651527627,10.0
441.0,-4.2334313183503305,-0.48095491881802105,0.0014829605400686887,10.0
441.5,-4.494077853273508,-0.47999460455796455,0.0019232897025770468,10.0
442.0,-4.754035304761671,-0.4787863255798848,0.0023648831520334114,10.0
442.5,-5.013147047345841,-0.47732977126711523,0.002807966327630012,10.0
443.0,-5.271256896550949,-0.4756245999573768,0.0032527581983835515,10.0
443.5,-5.528209205930764,-0.47367044217906024,0.003699469824349599,10.0
444.0,-5.783848963775714,-0.47146690450305373,0.004148302870711873,10.0
444.5,-6.038021889432384,-0.469013574020282,0.004599448068034233,10.0
445.0,-6.290574529175555,-0.46631002345521505,0.00505308361434686,10.0
445.5,-6.541354351572082,-0.46335581692546235,0.005509373513660699,10.0
446.0,-6.790209842277399,-0.4601505163591445,0.005968465847540815,10.0
446.5,-7.036990598205815,-0.45669368857961384,0.0064304909773475714,10.0
447.0,-7.2815474210149205,-0.4529849130680126,0.006895559674679748,10.0
447.5,-7.523732409846784,-0.44902379041259094,0.007363761180696787,10.0
448.0,-7.763399053267146,-0.4448099514517112,0.00783516119468614,10.0
448.5,-8.000402320345586,-0.4403430671169591,0.008309799795125377,10.0
449.0,-8.234598750820066,-0.43562285897836406,0.008787689298374868,10.0
449.5,-8.465846544288759,-0.4306491104921178,0.009268812061060958,10.0
450.0,-8.69400564837445,-0.425421678946794,0.009753118236346546,10.0
450.5,-8.918937845805612,-0.41994050809912226,0.010240523494969891,10.0
451.0,-9.140506840360143,-0.4142056414866279,0.010730906725908878,10.0
451.5,-9.358578341618383,-0.4082172363966178,0.011224107734485912,10.0
452.0,-9.573020148471711,-0.4019755784657331,0.011719924957564489,10.0
452.5,-9.783702231335502,-0.3954810968762486,0.012218113220595439,10.0
453.0,-9.99049681301434,-0.3887343801064296,0.012718381562862187,10.0
453.5,-10.193278448169304,-0.3817361921845864,0.013220391161749008,10.0
454.0,-10.39192410133796,-0.3744874893848685,0.013723753390388468,10.0
454.5,-10.586313223457665,-0.3669894372936298,0.01422802804509002,10.0
455.0,-10.776327826845193,-0.3592434281636151,0.01473272178378757,10.0
455.5,-10.9618525585852,-0.3512510984610367,0.015237286818018217,10.0
456.0,-11.142774772281967,-0.34301434649983653,0.01574111990431295,10.0
456.5,-11.318984598129859,-0.3345353500436006,0.01624356168291231,10.0
457.0,-11.490375011258108,-0.3258165837444823,0.016743896411876815,10.0
457.5,-11.656841898307999,-0.31686083627595124,0.017241352146618004,10.0
458.0,-11.818284122200245,-0.3076712270041025,0.01773510141291747,10.0
458.5,-11.974603585052385,-0.2982512220324404,0.01822426242079276,10.0
459.0,-12.125705289207087,-0.288604649443747,0.018707900863814894,10.0
459.5,-12.27149739633274,-0.27873571355517934,0.019185032343301576,10.0
460.0,-12.411891284560035,-0.2686490079955373,0.01965462545252577,10.0
460.5,-12.54680160361834,-0.2583495274085596,0.020115605547639883,10.0
461.0,-12.676146327937651,-0.24784267758476825,0.020566859224248384,10.0
461.5,-12.79984680768316,-0.23713428382351592,0.02100723950825341,10.0
462.0,-12.917827817690018,-0.2262305973315669,0.02143557175706556,10.0
462.5,-13.030017604268409,-0.21513829947102994,0.02185066025580303,10.0
463.0,-13.136347929849151,-0.20386450367959194,0.022251295477573995,10.0
463.5,-13.236754115442169,-0.19241675490138413,0.0226362619627726,10.0
464.0,-13.331175080881465,-0.1808030263837677,0.0230043467571363,10.0
464.5,-13.419553382831081,-0.16903171371819126,0.02335434833174674,10.0
465.0,-13.501835250528742,-0.15711162602882459,0.023685085893972134,10.0
465.5,-13.577970619244503,-0.14505197424171729,0.023995408983023745,10.0
466.0,-13.647913161433683,-0.1328623564003814,0.024284207231073954,10.0
466.5,-13.711620315564675,-0.12055274002820777,0.024550420159593755,10.0
467.0,-13.769053312603425,-0.10813344157613738,0.02479304687091632,10.0
467.5,-13.820177200138287,-0.09561510303279844,0.025011155489443992,10.0
468.0,-13.864960864129984,-0.083008665813883,0.025203892203172623,10.0
468.5,-13.903377048273175,-0.07032534208761378,0.02537048975680918,10.0
469.0,-13.935402370957608,-0.05757658373139595,0.025510275251822038,10.0
469.5,-13.96101733981809,-0.044774049151947715,0.025622677116066934,10.0
470.0,-13.980206363864376,-0.031929568235273965,0.025707231117511862,10.0
470.5,-13.99295776318326,-0.019055105723240737,0.025763585311202868,10.0
471.0,-13.99926377620688,-0.006162723339893332,0.025791503826742602,10.0
471.5,-13.999120564542688,0.006735458988454473,0.02579086942447541,10.0
472.0,-13.99252821536205,0.019627302459793772,0.025761684771324116,10.0
472.5,-13.979490741346003,0.03250068890073365,0.025704072411732715,10.0
473.0,-13.960016078188191,0.045343560076583404,0.025618273434264927,10.0
473.5,-13.934116079656544,0.0581439564385541,0.025504644859526998,10.0
474.0,-13.901806510216781,0.07089005494909009,0.025363655799495455,10.0
474.5,-13.863107035222367,0.0835702056420842,0.025195882461099835,10.0
475.0,-13.81804120867699,0.09617296659598008,0.02500200208753394,10.0
475.5,-13.766636458577274,0.10868713702411524,0.0247827859489843,10.0
476.0,-13.708924069844869,0.12110178821757094,0.024539091508913577,10.0
476.5,-13.644939164858478,0.13340629210974408,0.024271853903373886,10.0
477.0,-13.574720681598167,0.14559034726911205,0.023982076878610578,10.0
477.5,-13.498311349415399,0.1576440021653549,0.023670823335549877,10.0
478.0,-13.415757662444078,0.16955767559349114,0.023339205630499602,10.0
478.5,-13.327109850669197,0.18132217418090252,0.022988375777614187,10.0
479.0,-13.232421848670988,0.19292870694038106,0.02261951569228743,10.0
479.5,-13.131751262064398,0.20436889687024812,0.022233827605862483,10.0
480.0,-13.025159331654493,0.2156347896375166,0.02183252476984701,10.0
480.5,-12.912710895330495,0.22671885941225298,0.02141682255548904,10.0
481.0,-12.794474347722115,0.23761401195115975,0.02098793003921456,10.0
481.5,-12.670521597643216,0.2483135850529979,0.020547042149386317,10.0
482.0,-12.540928023349805,0.2588113465312627,0.020095332434813387,10.0
482.5,-12.405772425639762,0.2691014898670969,0.019633946498854797,10.0
483.0,-12.26513697882406,0.2791786277193013,0.019163996129403397,10.0
483.5,-12.119107179599897,0.28903778347961256,0.018686554140032636,10.0
484.0,-11.967771793857503,0.2986743810669485,0.018202649924801584,10.0
484.5,-11.811222801454301,0.30808423315875105,0.01771326571837732,10.0
485.0,-11.649555338990325,0.31726352805745434,0.01721933354172037,10.0
485.5,-11.482867640621144,0.3262088153873557,0.016721732806374828,10.0
486.0,-11.311260976945054,0.3349169908133556,0.016221288542301912,10.0
486.5,-11.13483959200247,0.34338527996477464,0.015718770208710115,10.0
487.0,-10.953710638427426,0.3516112217399277,0.01521489104407908,10.0
487.5,-10.767984110791001,0.3595926511567735,0.01471030790741009,10.0
488.0,-10.577772777178872,0.3673276819035818,0.014205621562664658,10.0
488.5,-10.383192109045503,0.3748146887330233,0.013701377356790343,10.0
489.0,-10.184360209388503,0.38205228982944195,0.013198066242293948,10.0
489.5,-9.98139773928866,0.3890393292679558,0.012696126097610986,10.0
490.0,-9.77442784286075,0.3957748596713677,0.012195943298900546,10.0
490.5,-9.563576070662625,0.4022581251583457,0.0116978545009036,10.0
491.0,-9.348970301610176,0.4084885446659364,0.01120214858629037,10.0
491.5,-9.130740663446627,0.4144656957167539,0.010709068746158554,10.0
492.0,-8.90901945181655,0.4201892986919888,0.010218814658578634,10.0
492.5,-8.683941047994255,0.4256592016610207,0.009731544733917966,10.0
493.0,-8.45564183531869,0.4308753658089512,0.009247378400788325,10.0
493.5,-8.224260114386706,0.43583785149638943,0.00876639840858438,10.0
494.0,-7.989936017057374,0.4405468049766276,0.008288653125919221,10.0
494.5,-7.752811419321789,0.4450024457899965,0.007814158818412048,10.0
495.0,-7.513029853091869,0.449205054848756,0.0073429018905964705,10.0
495.5,-7.270736416963996,0.4531549632202779,0.006874841081126492,10.0
496.0,-7.02607768601292,0.4568525416131579,0.006409909601762426,10.0
496.5,-6.779201620671918,0.46029819056539245,0.005948017213053467,10.0
497.0,-6.530257474756926,0.463492331332064,0.005489052232812531,10.0
497.5,-6.279395702691104,0.4664353974669524,0.005032883473625129,10.0
498.0,-6.026767865988561,0.4691278270900054,0.004579362109104847,10.0
498.5,-5.772526539055343,0.471570055832619,0.004128323468869463,10.0
499.0,-5.516825214366116,0.4737625104498138,0.003679588763570457,10.0
499.5,-5.259818207076656,0.4757056030893096,0.002533977887982267,10.0
500.0,-5.001660559130635,0.4766144907666576,0.0016144329332135464,10.0
