Step,X_ref,Y_ref,X_act,Y_act,Lat_Error,Delta_f,Vx,X_est,Y_est
0,1,0.499392,0.223629,0.611758,0.336839,0,5,0.206113,0.463837
1,1,0.499392,0.447259,0.723517,0.352494,0,5,0.440396,0.599207
2,1.5,0.748397,0.677597,0.838628,0.380874,0.0639564,5.15,0.841708,0.800293
3,1.5,0.748397,0.907332,0.971723,0.54161,0.0921205,5.3,0.957821,1.04559
4,2,0.996734,1.14636,1.10279,0.516471,0.1393,5.45,1.12234,1.10815
5,2,0.996734,1.38114,1.25795,0.546186,0.215352,5.6,1.35624,1.20522
6,2.5,1.24425,1.61902,1.42209,0.62322,0.324242,5.75,1.6294,1.33497
7,2.5,1.24425,1.84525,1.61967,0.720182,0.361641,5.9,1.93928,1.56811
8,3,1.49078,2.07554,1.82098,0.897882,0.374636,6.05,2.04308,1.78032
9,3,1.49078,2.29589,2.04667,0.982515,0.270473,6.2,2.24887,1.99602
10,3.5,1.73618,2.53273,2.2595,1.17531,0.151323,6.35,2.42814,2.287
11,3.5,1.73618,2.77262,2.47961,1.21012,0.00485387,6.5,2.71354,2.49142
12,4,1.9803,3.03544,2.68366,1.17516,-0.169679,6.65,3.03548,2.69733
13,4.5,2.22297,3.31995,2.87324,1.20876,-0.329882,6.8,3.21676,2.87877
14,4.5,2.22297,3.63084,3.03983,1.08974,-0.376979,6.95,3.53339,2.97498
15,5,2.46405,3.95386,3.19789,1.0563,-0.361766,7.1,3.89924,3.15236
16,5.5,2.70338,4.28992,3.34473,1.13916,-0.346374,7.25,4.24004,3.41966
17,5.5,2.70338,4.63861,3.47984,0.925567,-0.335604,7.4,4.61518,3.39865
18,6,2.94082,4.99966,3.60225,0.885244,-0.322713,7.55,5.05252,3.62698
19,6.5,3.17621,5.37226,3.71199,0.598066,-0.311688,7.7,5.46401,3.52169
20,7,3.40941,5.75618,3.80791,0.538929,-0.294796,7.85,5.7801,3.66022
21,7,3.40941,6.15026,3.89128,0.614384,-0.170531,8,6.07631,3.84411
22,7.5,3.64027,6.54659,3.98771,0.507998,-0.03638,8.15,6.43359,3.88466
23,8,3.86864,6.94691,4.09593,0.465893,0.0565318,8.29374,6.85141,4.00289
24,8.5,4.09438,7.3509,4.21695,0.471685,0.0922228,8.42935,7.37434,4.19871
25,9,4.31734,7.75893,4.34605,0.309737,-0.0823101,8.55238,7.77772,4.26777
26,9,4.31734,8.18359,4.4385,0.131905,-0.192384,8.67222,8.21215,4.37394
27,9.5,4.53739,8.61736,4.51662,0.0573792,-0.0178509,8.78082,8.50126,4.38672
28,10,4.75439,9.04616,4.63169,0.124002,0.156682,8.87559,8.96601,4.5281
29,10.5,4.96819,9.47365,4.77188,0.221732,0.237233,8.96458,9.34508,4.73579
30,11,5.17867,9.89914,4.93172,0.26819,0.0627005,9.04496,9.80356,5.00851
31,11,5.17867,10.3362,5.06271,0.120847,-0.111832,9.12527,10.2934,5.14807
32,11.5,5.38568,10.7838,5.17342,0.0654099,-0.197607,9.19874,10.6484,5.25501
33,12,5.5891,11.239,5.26838,-0.0333926,-0.0230744,9.26654,11.1041,5.30181
34,12.5,5.7888,11.6878,5.39702,-0.286465,0.151459,9.3346,11.7623,5.23051
35,13,5.98464,12.1334,5.55182,-0.224382,0.205636,9.40196,12.179,5.41354
36,13.5,6.17651,12.5779,5.7193,-0.168302,0.224715,9.46776,12.5936,5.61241
37,14,6.36429,13.018,5.90549,-0.0699657,0.0605633,9.52404,13.0396,5.87248
38,14.5,6.54784,13.4678,6.06987,-0.202237,-0.00931939,9.57699,13.4973,5.94721
39,15,6.72706,13.9194,6.237,-0.103194,-0.124096,9.63015,13.8796,6.22898
40,15,6.72706,14.382,6.38182,-0.0272154,0.0504365,9.67531,14.3436,6.38865
41,15.5,6.90183,14.8314,6.56766,-0.0713705,-0.0366122,9.71532,14.7798,6.55691
42,16,7.07203,15.294,6.72301,-0.11546,-0.111506,9.75634,15.2471,6.72222
43,16.5,7.23756,15.7634,6.86501,-0.0541476,-0.0252249,9.7953,15.6797,6.90551
44,17,7.39831,16.2283,7.02507,-0.181141,0.0403917,9.83192,16.2328,6.91666
45,17.5,7.55418,16.6925,7.19219,-0.19051,-0.0347854,9.86425,16.5835,7.0995
46,18,7.70506,17.1648,7.33963,-0.255009,-0.0284876,9.89383,17.1071,7.16378
47,18.5,7.85086,17.6368,7.49208,-0.103953,0.0901814,9.91949,17.5231,7.41358
48,19,7.99148,18.1015,7.67096,-0.0592873,0.00276473,9.94541,18.1171,7.6199
49,19.5,8.12684,18.5751,7.82742,-0.106272,-0.0644352,9.975,18.603,7.75321
50,20,8.25683,19.0533,7.97508,-0.203275,-0.131055,10.0035,19.0595,7.80856
51,20.5,8.38138,19.5378,8.10692,-0.0820962,-0.0187366,10.0263,19.5684,7.99687
52,21,8.50041,20.0162,8.25982,0.0773303,0.0168063,10.0445,20.0551,8.28718
53,21.5,8.61383,20.4963,8.41109,-0.0556235,-0.138541,10.0662,20.4851,8.34363
54,22,8.72158,20.9892,8.52268,-0.0309602,-0.150136,10.0808,20.9551,8.48294
55,22.5,8.82357,21.4828,8.63109,0.0950494,0.00778045,10.091,21.4882,8.68584
56,23,8.91974,21.9697,8.76635,0.283867,-0.0432257,10.1021,22.0492,8.98636
57,23.5,9.01003,22.4631,8.87668,-0.051828,-0.110037,10.1107,22.5291,8.79309
58,24,9.09438,22.961,8.96971,-0.0107572,-0.193995,10.1171,23.1589,8.98998
59,24.5,9.17272,23.4641,9.03726,0.141103,-0.0233412,10.1198,23.5206,9.1257
60,25,9.24501,23.9607,9.13625,0.0149113,-0.00217918,10.1252,24.038,9.08658
61,25.5,9.31119,24.4593,9.22456,-0.0530618,-0.169359,10.1269,24.5365,9.14918
62,26,9.37122,24.9658,9.26772,-0.121994,-0.0680814,10.1296,25.0726,9.09515
63,26.5,9.42505,25.4681,9.33409,-0.210834,-0.0360192,10.1342,25.45,9.08965
64,27,9.47265,25.9715,9.39462,-0.0686437,-0.0783066,10.1405,25.8299,9.26618
65,27.5,9.51398,26.4774,9.43744,0.0134154,0.0237692,10.148,26.3746,9.37965
66,28,9.54901,26.9812,9.50209,-0.0833663,-0.120558,10.1548,27.042,9.40724
67,28.5,9.57771,27.4897,9.52419,-0.150859,-0.114313,10.1593,27.6383,9.39365
68,29,9.60006,27.9977,9.54745,0.048154,-0.0197358,10.1638,28.0164,9.57568
69,29.5,9.61603,28.5047,9.58416,-0.104368,0.0129742,10.1659,28.5411,9.49254
70,30,9.62562,29.012,9.61913,-0.0892092,-0.128331,10.1693,28.9608,9.57497
71,30.5,9.62881,29.5219,9.61597,0.0759506,0.0434387,10.1755,29.4502,9.66561
72,31,9.62559,30.0295,9.65584,0.196633,0.00978637,10.1752,29.8933,9.76966
73,31.5,9.61597,30.5379,9.67798,0.158535,-0.133664,10.1772,30.481,9.82407
74,32,9.59993,31.0482,9.66595,0.08861,-0.195517,10.1852,31.0883,9.79247
75,32.5,9.57748,31.5586,9.63738,0.0111852,-0.0491029,10.1907,31.5353,9.68251
76,33,9.54863,32.0684,9.63306,-0.0923206,0.0171082,10.1968,31.9857,9.53687
77,33.5,9.5134,32.5785,9.62876,-0.0840241,0.0280802,10.1999,32.5337,9.45333
78,34,9.47179,33.0884,9.6223,0.077865,0.00042681,10.2,33.1464,9.604
79,34.5,9.42383,33.5983,9.6104,-0.128239,-0.118243,10.2001,33.6641,9.42681
80,35,9.36954,34.108,9.57056,-0.00171448,-0.0947684,10.2055,34.1819,9.4198
81,35.5,9.30895,34.6175,9.53517,0.136666,0.0769523,10.2105,34.6322,9.45132
82,36,9.24209,35.129,9.53307,0.2426,-0.0946287,10.215,35.1529,9.54928
83,36.5,9.16899,35.6377,9.48009,0.138784,-0.191125,10.2128,35.5864,9.43353
84,37,9.08969,36.1449,9.40625,0.0912607,-0.193329,10.2153,36.16,9.3305
85,37.5,9.00424,36.6501,9.32257,0.0835793,-0.107247,10.2185,36.5827,9.27232
86,38,8.91267,37.1549,9.24245,0.162708,-0.0583761,10.2201,37.1808,9.23783
87,38.5,8.81505,37.659,9.15687,0.172809,-0.0305989,10.2245,37.6554,9.13079
88,39,8.71142,38.1624,9.06793,0.0707454,-0.0999327,10.2251,38.2521,8.97344
89,39.5,8.60185,38.6616,8.95608,0.177132,-0.138232,10.2207,38.6949,9.00545
90,40,8.48639,39.1577,8.83054,0.255183,0.00103921,10.2198,39.1336,8.91227
91,40.5,8.3651,39.6588,8.73016,0.11584,-0.0770658,10.2183,39.6843,8.73202
92,41,8.23807,40.1531,8.59916,0.0786563,-0.185275,10.2215,40.2154,8.58261
93,41.5,8.10535,40.6402,8.4392,0.0863338,-0.0148347,10.2198,40.7022,8.45012
94,42,7.96702,41.1354,8.31332,0.127746,-0.010693,10.2156,41.1852,8.33885
95,42.5,7.82316,41.6269,8.17394,0.272216,0.01947,10.2182,41.6408,8.31614
96,43,7.67386,42.12,8.03923,0.0959694,-0.0938429,10.2219,42.0992,8.0889
97,43.5,7.5192,42.6052,7.87622,-0.113701,-0.194042,10.2245,42.5662,7.79127
98,44,7.35927,43.0827,7.68874,0.0887002,-0.0231709,10.2241,43.082,7.72072
99,44.5,7.19415,43.57,7.53347,0.0494292,0.148486,10.2273,43.5777,7.47485
100,45,7.02395,44.0668,7.40444,0.079783,-0.0234264,10.2317,44.1088,7.36149
101,45.5,6.84877,44.5491,7.23284,-0.18406,-0.150118,10.2327,44.6819,6.99788
102,46,6.66869,45.0251,7.04076,-0.255162,-0.144548,10.2388,45.0601,6.77868
103,46.5,6.48384,45.5002,6.84759,-0.239069,0.0274773,10.2432,45.4964,6.60545
104,47,6.29431,45.9857,6.68235,0.00523225,0.196515,10.2501,45.8846,6.55518
105,47.5,6.10022,46.4824,6.54638,0.222042,0.0605965,10.2531,46.611,6.55324
106,48,5.90167,46.9681,6.38193,0.153006,-0.110987,10.2546,47.1419,6.342
107,48.5,5.69879,47.4452,6.19128,0.0436128,-0.1919,10.2525,47.5546,6.1497
108,49,5.49169,47.9162,5.98569,0.075283,-0.180182,10.2457,47.9342,6.06413
109,49.5,5.2805,48.3828,5.77298,0.0618371,-0.0110338,10.2365,48.3427,5.8271
110,50,5.06533,48.8579,5.5834,0.0817058,0.000166494,10.2285,48.9163,5.63081
111,50.5,4.84631,49.3281,5.38221,-0.00709178,-0.0516754,10.2281,49.3587,5.40774
112,50.5,4.84631,49.7921,5.16686,0.06771,-0.0318292,10.2283,49.8634,5.25856
113,51,4.62357,50.2578,4.95565,0.117747,0.123232,10.2267,50.0936,5.11387
114,51.5,4.39724,50.7379,4.77667,0.12397,-0.0120258,10.2231,50.6901,4.89902
115,52,4.16745,51.2034,4.56523,0.121653,-0.11119,10.2234,51.2294,4.64814
116,52.5,3.93435,51.6625,4.33877,-0.0314014,-0.069683,10.2221,51.65,4.30866
117,53,3.69805,52.1246,4.12088,-0.100384,-0.101411,10.2171,52.0522,4.10121
118,53.5,3.45871,52.5789,3.88687,0.094425,0.0687669,10.212,52.5859,3.96783
119,54,3.21646,53.0483,3.68511,0.0370744,0.179198,10.2063,52.9645,3.63588
120,54.5,2.97144,53.5265,3.50254,-0.0438657,0.00837495,10.203,53.3519,3.46385
121,55,2.7238,53.9891,3.28704,0.0279778,-0.163268,10.2036,53.9465,3.28019
122,55.5,2.47369,54.44,3.04469,0.194591,0.00371055,10.2005,54.4673,3.14123
123,56,2.22125,54.9077,2.8412,0.101943,-0.0818538,10.1969,54.919,2.87984
124,56.5,1.96662,55.3605,2.6065,0.120048,-0.160062,10.1928,55.4793,2.65923
125,57,1.70997,55.8032,2.35182,0.159575,-0.0741824,10.1916,55.9426,2.46914
126,57,1.70997,56.2515,2.10951,0.103299,-0.0903571,10.1902,56.3261,2.24248
127,57.5,1.45143,56.6909,1.85127,-0.126486,-0.0714606,10.188,56.6934,1.78873
128,58,1.19117,57.1284,1.59013,-0.0197798,0.058413,10.1887,57.2512,1.57491
129,58.5,0.929335,57.5785,1.35039,-0.0840526,0.195361,10.1907,57.5865,1.25579
130,59,0.666076,58.0432,1.13662,-0.0218137,0.0243614,10.1882,58.0819,1.16529
131,59.5,0.401551,58.4893,0.891098,-0.0632402,-0.0295253,10.1826,58.3946,0.935995
132,60,0.135916,58.9362,0.647711,-0.0662983,0.0890219,10.1745,58.9107,0.591839
133,60.5,-0.130674,59.3982,0.433987,-0.0112392,0.0355922,10.1684,59.4391,0.378164
134,60.5,-0.130674,59.8532,0.207232,-0.0623629,-0.0341266,10.1687,59.7981,0.184639
135,61,-0.398062,60.3035,-0.0291337,-0.138393,-0.0688778,10.1685,60.2257,-0.099391
136,61.5,-0.66609,60.7512,-0.270738,0.195203,0.102624,10.1691,60.7657,-0.105746
137,62,-0.934601,61.2174,-0.476482,0.227931,0.177402,10.1722,61.3134,-0.409819
138,62.5,-1.20344,61.6899,-0.66866,0.140137,0.00648955,10.1731,61.7646,-0.677875
139,63,-1.47244,62.1474,-0.891013,0.0886893,-0.16475,10.1703,62.1795,-0.922962
140,63.5,-1.74145,62.5929,-1.13981,0.0790999,-0.189978,10.1674,62.627,-1.15184
141,64,-2.01031,63.0343,-1.39445,-0.145534,-0.0702209,10.1662,63.0001,-1.5982
142,64.5,-2.27886,63.4819,-1.63556,-0.161286,-0.018051,10.1689,63.2782,-1.83225
143,64.5,-2.27886,63.9277,-1.87988,0.00574194,0.153145,10.1656,63.7109,-1.9331
144,65,-2.54695,64.391,-2.09189,0.176817,0.0704418,10.1581,64.2441,-1.99414
145,65.5,-2.81442,64.8437,-2.32159,0.200394,-0.100177,10.1519,64.8487,-2.24773
146,66.5,-3.34686,65.2824,-2.57867,0.089072,-0.193775,10.1492,65.442,-2.58051
147,66.5,-3.34686,65.7117,-2.85186,0.0203626,-0.191492,10.1419,65.8958,-2.8821
148,67,-3.61151,66.1349,-3.13263,0.0303198,-0.0206471,10.1357,66.2158,-3.04737
149,67.5,-3.87492,66.5706,-3.39164,0.0509128,0.151038,10.1339,66.6108,-3.31321
150,68,-4.13693,67.0208,-3.62753,0.0177258,0.163563,10.1318,67.0471,-3.58771
151,68.5,-4.39739,67.4715,-3.86078,-0.0207775,0.0293717,10.132,67.4335,-3.83037
152,69,-4.65613,67.912,-4.11133,-0.0378317,0.0670495,10.1345,67.9232,-4.12982
153,69.5,-4.91302,68.364,-4.34082,-0.0128157,0.0412003,10.1351,68.4944,-4.38269
154,69.5,-4.91302,68.8148,-4.57237,-0.0564713,0.0584927,10.134,68.7826,-4.63247
155,70,-5.1679,69.27,-4.79477,0.0434916,0.0518085,10.1303,69.2189,-4.7749
156,70.5,-5.42062,69.7265,-5.01478,-0.0851492,0.0046691,10.1341,69.7003,-5.10354
157,71,-5.67103,70.1802,-5.24074,-0.22648,-0.148403,10.1377,69.9992,-5.31941
158,71.5,-5.91899,70.6188,-5.49785,-0.0388204,0.0236503,10.1372,70.5895,-5.51998
159,72,-6.16436,71.0763,-5.7168,0.0128019,0.196203,10.1385,71.0289,-5.74069
160,72.5,-6.40698,71.549,-5.90668,0.0736446,0.0236507,10.1401,71.6488,-5.88112
161,73,-6.64673,72.0031,-6.13274,0.230442,-0.0685997,10.143,72.0814,-5.97882
162,73.5,-6.88345,72.4538,-6.3656,0.21099,0.0454958,10.1387,72.4452,-6.17299
163,73.5,-6.88345,72.9178,-6.56976,-0.00123536,-0.125092,10.1316,72.8592,-6.4649
164,74,-7.11702,73.3606,-6.81759,0.0560578,-0.0358435,10.1253,73.2506,-6.65187
165,74.5,-7.34729,73.8135,-7.04351,0.200563,0.136008,10.1232,73.8771,-6.90152
166,75,-7.57414,74.2817,-7.23893,0.0734265,0.0530843,10.1176,74.2383,-7.17652
167,75.5,-7.79743,74.739,-7.45482,-0.1083,-0.118302,10.1131,74.7252,-7.52226
168,76,-8.01703,75.1826,-7.70023,-0.0439516,-0.0173272,10.1149,75.2664,-7.70818
169,76.5,-8.23282,75.6387,-7.91892,-0.0556047,0.12684,10.1162,75.6931,-7.93452
170,77,-8.44467,76.1071,-8.11295,0.00368522,0.0809655,10.1147,76.1849,-8.07005
171,77.5,-8.65246,76.5694,-8.31786,-0.0224155,0.0908178,10.1124,76.7041,-8.33285
172,78,-8.85607,77.0371,-8.51024,-0.0405133,0.0484188,10.1089,76.9969,-8.46069
173,78.5,-9.05538,77.5036,-8.70463,-0.115597,0.0650252,10.1062,77.4316,-8.73463
174,79,-9.25029,77.9748,-8.88756,-0.00795967,0.087593,10.1065,77.9682,-8.89142
175,79.5,-9.44067,78.45,-9.06032,-0.0154783,0.105374,10.1065,78.4427,-9.09668
176,80,-9.62642,78.929,-9.22276,-0.10855,-0.0475626,10.1079,78.9657,-9.29387
177,80.5,-9.80744,79.3975,-9.41382,-0.159035,0.0111075,10.1109,79.5104,-9.55093
178,81,-9.98362,79.874,-9.58311,-0.12442,0.1661,10.1134,79.8687,-9.76897
179,81.5,-10.1549,80.3631,-9.718,-0.00693491,0.184734,10.1129,80.3298,-9.85161
180,82,-10.3211,80.8537,-9.84565,0.13819,0.0148646,10.1146,80.9943,-9.86438
181,82.5,-10.4821,81.3355,-9.99969,0.0690182,-0.099985,10.1133,81.4659,-10.0536
182,83,-10.638,81.8135,-10.1667,0.155446,-0.038082,10.1125,81.9548,-10.1136
183,83.5,-10.7886,82.296,-10.3175,0.222426,0.0499392,10.1103,82.5637,-10.2594
184,84,-10.9337,82.7827,-10.455,0.139634,0.045787,10.1098,82.9597,-10.4458
185,84.5,-11.0734,83.2683,-10.5966,0.0679943,-0.00403541,10.114,83.3677,-10.6453
186,84.5,-11.0734,83.7514,-10.7461,0.162102,0.0838335,10.1148,83.7233,-10.6861
187,85,-11.2076,84.242,-10.8702,0.0299207,0.0691359,10.1104,84.252,-10.9599
188,85.5,-11.3361,84.7314,-10.9969,0.0639351,-0.00660327,10.1089,84.6776,-11.0402
189,86,-11.459,85.2178,-11.1351,0.193854,0.085788,10.1109,85.1904,-11.0634
190,86.5,-11.576,85.7118,-11.2447,0.0202078,0.0215698,10.111,85.7089,-11.3122
191,87,-11.6873,86.2015,-11.3692,0.0270821,-0.00691742,10.1071,86.0601,-11.4127
192,87.5,-11.7927,86.6912,-11.4942,0.0613794,0.156181,10.107,86.5563,-11.5612
193,88,-11.8922,87.1916,-11.5765,0.174275,0.0554644,10.1095,87.0795,-11.543
194,88.5,-11.9856,87.686,-11.6823,0.0627453,0.0104913,10.1114,87.5643,-11.7074
195,89,-12.0731,88.1807,-11.7867,0.151291,-0.0402214,10.1136,88.0813,-11.6956
196,89.5,-12.1545,88.674,-11.8984,0.143533,0.123114,10.1131,88.7112,-11.9026
197,90,-12.2297,89.1759,-11.9687,0.279759,0.0674026,10.1119,89.1656,-11.8012
198,90.5,-12.2988,89.674,-12.0544,0.0816919,-0.0146914,10.1057,89.676,-12.0208
199,91,-12.3617,90.17,-12.1506,0.0232204,0.00122414,10.1045,90.1843,-12.1676
200,91.5,-12.4184,90.6677,-12.2369,0.034545,0.17336,10.1014,90.5776,-12.2857
201,92,-12.4688,91.1726,-12.2806,-0.030281,0.120811,10.0969,90.9998,-12.391
202,92.5,-12.513,91.6747,-12.3353,0.0921763,0.0497505,10.095,91.2943,-12.312
203,93,-12.5509,92.1759,-12.3929,0.12992,0.0836654,10.0905,91.9612,-12.3784
204,93.5,-12.5825,92.6795,-12.4306,0.0817011,0.00412805,10.0936,92.3765,-12.3964
205,94,-12.6078,93.1815,-12.483,0.047227,-0.0357829,10.0942,93.0654,-12.429
206,94.5,-12.6268,93.6832,-12.5388,0.171395,0.104174,10.0938,93.6675,-12.418
207,95,-12.6395,94.1884,-12.5586,0.0658311,0.163641,10.0956,94.137,-12.5469
208,95.5,-12.6459,94.6944,-12.5648,0.00116384,-0.0094224,10.0968,94.726,-12.5275
209,96,-12.6459,95.198,-12.6052,0.00184351,0.0862651,10.0986,95.1577,-12.637
210,96.5,-12.6397,95.7034,-12.6075,0.0412324,0.198344,10.1007,95.5758,-12.6556
211,97,-12.6272,96.2096,-12.5799,-0.0806563,0.0317947,10.0999,96.1567,-12.6784
212,97.5,-12.6084,96.7147,-12.5858,0.019189,0.00126804,10.1002,96.5714,-12.5643
213,98,-12.5834,97.2197,-12.5829,0.174045,0.174463,10.1011,97.1103,-12.5125
214,98.5,-12.5522,97.7241,-12.5319,0.0663552,0.102225,10.0985,97.6772,-12.5614
215,99,-12.5148,98.2278,-12.4972,0.0135569,-0.0702584,10.0963,98.0674,-12.4878
216,99.5,-12.4712,98.7336,-12.4915,0.192175,0.0258962,10.1007,98.6484,-12.3672
217,100.5,-12.3658,99.2373,-12.453,0.116442,0.175112,10.102,99.2337,-12.4186
218,100.5,-12.3658,99.7393,-12.3811,0.0921565,0.00162519,10.1041,99.5784,-12.3281
219,101,-12.304,100.244,-12.3498,0.0558814,0.0214753,10.1015,100.02,-12.3471
220,101.5,-12.2362,100.746,-12.2995,0.0536739,0.0868201,10.098,100.53,-12.2792
221,102,-12.1625,101.247,-12.231,0.0315865,0.0629858,10.0961,101.078,-12.2213
222,102.5,-12.0829,101.747,-12.166,-0.0371049,0.105766,10.0901,101.639,-12.2302
223,103,-11.9975,102.245,-12.0825,-0.0776777,0.0996851,10.0872,102.122,-12.1908
224,103.5,-11.9064,102.742,-11.9938,0.0245798,0.110303,10.086,102.695,-12.0162
225,104,-11.8095,103.236,-11.8927,0.136409,0.126155,10.0843,103.23,-11.8528
226,104.5,-11.707,103.727,-11.778,0.12343,0.0415743,10.0825,103.709,-11.7556
227,105,-11.599,104.22,-11.674,0.0340391,-0.0619337,10.0789,104.105,-11.6979
228,105.5,-11.4856,104.717,-11.585,-0.0757098,0.00186827,10.08,104.552,-11.7768
229,106,-11.3667,105.209,-11.477,-0.153465,0.128486,10.0786,105.247,-11.7035
230,106.5,-11.2425,105.696,-11.342,-0.0148978,0.0540467,10.0733,105.748,-11.4789
231,107,-11.1131,106.185,-11.2246,0.0612467,0.134443,10.0751,106.189,-11.3287
232,107.5,-10.9786,106.668,-11.0764,0.0738676,-0.0387001,10.0749,106.613,-11.1151
233,108,-10.839,107.159,-10.9646,0.130011,-0.0630726,10.0762,107.147,-10.9027
234,108.5,-10.6945,107.65,-10.8489,0.278223,0.0578205,10.0761,107.589,-10.6818
235,109,-10.5452,108.134,-10.7061,0.218667,0.0365336,10.0787,108.014,-10.579
236,109.5,-10.3911,108.62,-10.5734,-0.0102259,-0.0874578,10.0723,108.624,-10.5416
237,110,-10.2324,109.112,-10.4668,0.188216,0.0538122,10.0718,109.204,-10.2953
238,110.5,-10.0692,109.596,-10.3229,0.286396,0.199825,10.0755,109.575,-10.1443
239,111,-9.9015,110.071,-10.1489,0.187692,0.0271257,10.073,110.063,-9.99794
240,111.5,-9.72954,110.555,-10.0118,-0.128948,-0.14671,10.0739,110.553,-10.0591
241,112,-9.55339,111.048,-9.90116,-0.255362,0.0232036,10.0715,111.187,-9.99798
242,112.5,-9.37317,111.528,-9.74744,-0.0832186,0.196134,10.0699,111.486,-9.82241
243,113,-9.189,111.999,-9.5623,-0.138875,0.197899,10.0696,111.997,-9.73228
244,113.5,-9.00101,112.467,-9.37413,-0.196836,0.0616711,10.0682,112.566,-9.54112
245,114,-8.80931,112.94,-9.20177,-0.0623705,0.0565321,10.066,113.076,-9.25633
246,114.5,-8.61405,113.407,-9.01415,-0.234349,0.118729,10.0595,113.529,-9.28934
247,115,-8.41534,113.865,-8.80576,-0.0209552,-0.0247925,10.0547,113.939,-8.86278
248,115.5,-8.21333,114.335,-8.62598,-0.00231824,0.102068,10.0508,114.371,-8.71537
249,115.5,-8.21333,114.788,-8.40759,-0.0489634,-0.0435474,10.049,114.797,-8.56552
250,116,-8.00813,115.256,-8.22372,-0.0463467,0.00424844,10.0445,115.281,-8.36871
251,116.5,-7.7999,115.716,-8.02189,0.0795503,-0.00693388,10.0466,115.615,-8.07806
252,117,-7.58877,116.178,-7.82519,0.154832,0.034079,10.0501,116.131,-7.80844
253,117.5,-7.37487,116.636,-7.61899,-0.00115791,-0.026795,10.0505,116.604,-7.7369
254,118,-7.15835,117.101,-7.42722,-0.0410635,-0.184427,10.047,117.201,-7.45875
255,118.5,-6.93936,117.58,-7.27037,-0.0537516,-0.0117569,10.0437,117.827,-7.24091
256,119,-6.71802,118.043,-7.07672,0.135094,0.152657,10.0388,118.169,-6.94447
257,119.5,-6.4945,118.497,-6.85798,0.08169,0.103345,10.0372,118.58,-6.8107
258,120,-6.26894,118.954,-6.65153,0.0676759,-0.0696934,10.0353,118.857,-6.64039
259,120.5,-6.04149,119.424,-6.47306,0.166203,0.0209054,10.0383,119.295,-6.46577
260,120.5,-6.04149,119.882,-6.2655,0.0603275,0.0637387,10.0448,119.784,-6.31054
261,121,-5.81229,120.337,-6.05251,-0.0263633,-0.109442,10.0435,120.281,-6.07719
262,121.5,-5.58149,120.809,-5.87841,-0.0391319,0.026902,10.0425,120.725,-5.97122
263,122,-5.34926,121.265,-5.66861,-0.0648816,0.135175,10.0443,121.184,-5.83344
264,122.5,-5.11573,121.714,-5.4408,-0.0324334,0.0349818,10.0452,121.713,-5.49707
265,123,-4.88106,122.172,-5.2339,0.00465207,0.0485633,10.0448,122.22,-5.25603
266,123.5,-4.64541,122.623,-5.01339,0.0713091,0.0428478,10.0432,122.66,-4.98375
267,124,-4.40892,123.073,-4.7904,0.17344,-0.0403457,10.0467,123.129,-4.66941
268,124.5,-4.17176,123.531,-4.58268,0.155089,-0.102273,10.0447,123.604,-4.39061
269,125,-3.93408,123.994,-4.3864,-0.116769,-0.198299,10.0441,124.015,-4.41211
270,125.5,-3.69603,124.468,-4.21643,-0.166094,-0.026511,10.0452,124.532,-4.26512
271,126,-3.45777,124.929,-4.01632,-0.0411172,0.146908,10.0448,125.046,-4.0107
272,126.5,-3.21944,125.379,-3.79064,-0.0408536,0.182635,10.0427,125.615,-3.75194
273,127,-2.98122,125.826,-3.5583,-0.129433,0.00938263,10.0414,126.146,-3.52111
274,127.5,-2.74325,126.285,-3.3536,-0.115891,-0.0667265,10.044,126.489,-3.32958
275,128,-2.50569,126.745,-3.15231,-0.134476,0.106339,10.0419,126.978,-3.15967
276,128,-2.50569,127.186,-2.91016,-0.158415,0.10342,10.0449,127.385,-2.96915
277,128.5,-2.26868,127.629,-2.67279,-0.162205,0.129586,10.0478,127.835,-2.76793
278,129,-2.0324,128.065,-2.42131,-0.101136,0.158334,10.0489,128.233,-2.6179
279,129.5,-1.79698,128.492,-2.15417,0.198049,0.138129,10.0558,128.536,-2.22012
280,130,-1.56258,128.915,-1.88074,0.39235,-0.0364042,10.0608,128.894,-1.77458
281,130,-1.56258,129.353,-1.6328,0.329817,-0.198135,10.06,129.2,-1.61946
282,131,-1.09745,129.807,-1.41037,0.376514,-0.200343,10.0631,129.731,-1.27471
283,131.5,-0.867025,130.263,-1.19299,0.36102,-0.203442,10.0721,130.216,-1.04103
284,131.5,-0.867025,130.726,-0.99329,0.291877,-0.201291,10.0773,130.623,-0.933224
285,132,-0.638222,131.198,-0.811321,0.230525,-0.198926,10.0778,131.107,-0.657629
286,132.5,-0.411191,131.675,-0.647383,0.0289445,-0.195467,10.0715,131.624,-0.605412
287,133,-0.186078,132.158,-0.501116,0.070311,-0.0220208,10.0715,132.15,-0.388312
288,133.5,0.0369704,132.632,-0.331283,-0.0405378,0.151191,10.0702,132.695,-0.323002
289,134,0.257811,133.098,-0.135269,-0.0383187,0.099165,10.0696,133.045,-0.169242
290,134.5,0.4763,133.567,0.0471466,0.0564702,0.156009,10.0715,133.513,0.07447
291,135,0.692296,134.027,0.255643,-0.0632048,0.0167878,10.0716,133.988,0.20874
292,135.5,0.905661,134.495,0.440931,0.0646438,-0.0840405,10.0688,134.396,0.540217
293,136,1.11626,134.968,0.614455,0.00762681,0.0895633,10.0679,134.905,0.621099
294,136.5,1.32395,135.424,0.830171,-0.0946952,-0.0597764,10.0713,135.412,0.756636
295,137,1.5286,135.897,1.00523,-0.122456,-0.0391867,10.0722,135.933,0.950053
296,137.5,1.73008,136.365,1.19038,-0.0219971,-0.0272719,10.0667,136.329,1.23851
297,138,1.92825,136.833,1.37407,-0.118973,0.0215955,10.0621,136.935,1.37307
298,138.5,2.123,137.298,1.56563,-0.03304,-0.0252054,10.0584,137.484,1.68931
299,139,2.31419,137.769,1.74411,0.0122674,0.0440408,10.0582,137.826,1.88746
300,139,2.31419,138.232,1.94027,-0.234864,-0.05215,10.056,138.356,1.87507
301,139.5,2.50171,138.704,2.11229,-0.218553,0.0159426,10.0534,138.784,2.0041
302,140,2.68542,139.169,2.30296,-0.206003,0.188619,10.0497,139.344,2.10908
303,140.5,2.86522,139.619,2.5313,-0.0567632,0.0375404,10.0509,139.752,2.45587
304,141,3.04098,140.083,2.72651,-0.0484149,-0.12183,10.0505,140.157,2.71303
305,141.5,3.2126,140.556,2.89892,-0.060103,-0.132347,10.053,140.624,2.85587
306,142,3.37996,141.029,3.07115,0.216576,0.0312024,10.0548,141.138,3.19305
307,142.5,3.54296,141.491,3.27162,0.0691079,-0.0360727,10.0573,141.462,3.25667
308,143,3.70148,141.962,3.44579,-0.0650486,-0.199842,10.0586,142.027,3.37456
309,143.5,3.85544,142.449,3.58227,-0.146701,-0.0516705,10.0597,142.544,3.42628
310,144,4.00472,142.923,3.74948,0.00862601,0.0399832,10.0587,143.027,3.70528
311,144.5,4.14924,143.396,3.92304,0.0324568,0.0569307,10.0619,143.392,3.79267
312,145,4.28889,143.868,4.09608,0.157916,-0.0880486,10.0619,143.802,4.08021
313,145.5,4.4236,144.352,4.23777,0.109268,-0.14868,10.0618,144.354,4.28415
314,146,4.55327,144.839,4.36833,0.0453599,-0.164372,10.0628,144.891,4.35778
315,146.5,4.67782,145.329,4.48671,0.0710242,0.00818476,10.0623,145.343,4.42023
316,147,4.79717,145.81,4.63349,0.083163,-0.0173024,10.0599,145.862,4.60039
317,147.5,4.91124,146.297,4.76061,-0.0224446,-0.127453,10.0591,146.314,4.66127
318,147.5,4.91124,146.791,4.86026,-0.0281878,-0.0705642,10.0629,146.743,4.75146
319,148.5,5.12327,147.282,4.97141,0.0659581,0.0249115,10.063,147.306,4.95182
320,148.5,5.12327,147.77,5.09553,0.0610405,0.0268476,10.0647,147.696,5.03033
321,149.5,5.31336,148.259,5.21416,0.100035,-0.0647783,10.0635,148.264,5.17452
322,149.5,5.31336,148.753,5.312,0.28996,-0.0335403,10.0644,148.639,5.39505
323,150,5.40001,149.244,5.41921,0.265198,-0.136367,10.0642,149.187,5.53912
324,151,5.55629,149.743,5.4954,0.166947,-0.198043,10.0621,149.758,5.57437
325,151,5.55629,150.244,5.55127,0.13938,-0.106129,10.058,150.166,5.61528
326,151.5,5.6258,150.743,5.617,0.0157357,-0.0640384,10.0581,150.724,5.5744
327,152,5.68951,151.242,5.67565,0.0849725,-0.0146693,10.0549,151.193,5.64361
328,152.5,5.74736,151.741,5.73664,0.121033,0.00981497,10.0513,151.587,5.77243
329,153,5.79933,152.239,5.79825,0.0594491,-0.143319,10.0482,152.17,5.887
330,153.5,5.84538,152.743,5.81968,0.0843319,-0.0366288,10.042,152.691,5.90364
331,154,5.88547,153.242,5.86738,0.148125,0.0987365,10.0397,153.209,5.92965
332,155,5.94772,153.74,5.93778,0.0128905,-0.0383949,10.0389,153.775,5.9204
333,155,5.94772,154.241,5.97058,0.0664261,-0.160004,10.0429,154.195,5.99167
334,155.5,5.96982,154.745,5.97986,0.0802046,0.00979768,10.0373,154.708,5.98285
335,156.5,5.99594,155.244,6.02819,0.0277044,-0.0971697,10.0364,155.279,6.01103
336,156.5,5.99594,155.747,6.03612,-0.0688374,-0.09242,10.0376,155.737,5.92079
337,157.5,5.99786,156.249,6.04402,-0.0678091,-0.0569344,10.0334,156.292,5.96204
338,158,5.98975,156.75,6.05248,-0.237728,-0.0139727,10.032,156.759,5.79908
339,158,5.98975,157.252,6.06328,-0.176947,0.0119089,10.0304,157.143,5.799
340,158.5,5.9756,157.753,6.07557,-0.0491081,0.0786972,10.0279,157.693,5.88627
341,159,5.95541,158.254,6.10378,-0.0298193,-0.0777737,10.0252,158.165,5.9283
342,159.5,5.9292,158.756,6.09384,0.136229,-0.114632,10.0289,158.647,6.04482
343,160.5,5.8588,159.258,6.08005,0.170477,-0.107786,10.0293,159.29,6.05161
344,160.5,5.8588,159.759,6.0609,0.187346,-0.198275,10.0269,159.773,6.18081
345,161.5,5.76456,160.259,6.00762,0.174574,-0.199057,10.026,160.35,6.10843
346,161.5,5.76456,160.758,5.9428,0.149283,-0.0250986,10.0274,160.755,5.98341
347,162,5.70857,161.258,5.90381,0.0641809,-0.057658,10.0287,161.224,5.9081
348,163,5.57906,161.755,5.83935,-0.115492,-0.0870625,10.0313,161.858,5.69962
349,163.5,5.50561,162.251,5.76397,-0.00312508,0.0197896,10.0337,162.275,5.68601
350,163.5,5.50561,162.751,5.71032,0.23642,0.123422,10.038,162.755,5.72415
351,164,5.42643,163.252,5.67594,0.372137,-0.0511105,10.0421,163.137,5.86844
352,164.5,5.34157,163.749,5.59981,0.174534,-0.198327,10.0394,163.736,5.65862
353,165,5.25108,164.242,5.49584,-0.137511,-0.198374,10.0372,164.133,5.35166
354,165.5,5.15503,164.733,5.38648,0.0587668,-0.0887757,10.0372,164.681,5.38252
355,166,5.05346,165.225,5.28646,0.21866,0.0850514,10.0365,165.168,5.35339
356,166.5,4.94646,165.722,5.2123,-0.0321791,-0.0861564,10.0358,165.529,5.16922
357,167,4.83408,166.21,5.08834,-0.0119436,-0.200097,10.0366,166.176,5.0906
358,167.5,4.7164,166.692,4.94149,0.013995,-0.0257812,10.038,166.714,4.95646
359,168,4.5935,167.181,4.82993,0.0872251,0.0733051,10.0396,167.251,4.87387
360,168.5,4.46545,167.673,4.72641,0.0653504,0.0138398,10.0389,167.606,4.78
361,169,4.33234,168.16,4.60597,0.0723292,-0.0573109,10.0362,168.229,4.61589
362,169.5,4.19425,168.644,4.47387,0.0809274,-0.0349946,10.0379,168.671,4.47701
363,170,4.05127,169.13,4.3483,0.0308213,-0.0813648,10.0365,169.075,4.36231
364,170.5,3.9035,169.612,4.20637,-0.0421145,-0.109212,10.0351,169.618,4.13442
365,171,3.75102,170.09,4.05364,0.0504399,-0.0140006,10.0384,170.042,4.04055
366,171.5,3.59394,170.574,3.91674,0.140907,-0.018112,10.0414,170.545,3.96524
367,172,3.43236,171.054,3.76991,0.0550079,-0.145817,10.039,171.079,3.8019
368,172.5,3.26638,171.523,3.59008,0.0486976,-0.195833,10.0377,171.476,3.70711
369,173,3.0961,171.988,3.39547,0.0888927,-0.0216263,10.0395,171.949,3.54942
370,173.5,2.92165,172.462,3.22982,0.0352185,-0.00427557,10.041,172.391,3.3824
371,174,2.74312,172.931,3.05262,0.00894948,-0.0507702,10.0382,172.845,3.19083
372,174.5,2.56064,173.396,2.86191,0.0451238,0.03794,10.0308,173.373,3.00156
373,175,2.37433,173.867,2.69193,0.119915,-0.0283215,10.019,173.867,2.92545
374,175.5,2.18429,174.33,2.50292,0.072788,-0.064938,10.0097,174.36,2.6824
375,175.5,2.18429,174.791,2.30759,-0.0733637,-0.0802929,10.0052,174.79,2.42354
376,176,1.99066,175.249,2.10631,-0.218771,-0.0767788,9.99826,175.142,2.13889
377,176.5,1.79357,175.704,1.90022,-0.137002,0.0961166,9.99303,175.574,1.9384
378,177,1.59312,176.174,1.72781,0.0651897,0.197181,9.98779,176.245,1.85614
379,177.5,1.38947,176.651,1.57429,0.132294,0.0237526,9.98491,176.729,1.82104
380,178,1.18273,177.115,1.38871,-0.0283132,-0.149861,9.98314,177.243,1.54686
381,178.5,0.97305,177.569,1.17737,-0.172545,-0.103119,9.98173,177.692,1.19715
382,179,0.760552,178.027,0.978735,-0.20461,0.0701115,9.97785,178.167,0.864447
383,179.5,0.545378,178.496,0.808605,-0.0977142,0.19836,9.97467,178.627,0.722608
384,180,0.327668,178.975,0.661047,-0.131958,0.0282868,9.97214,179.079,0.575965
385,180.5,0.107561,179.439,0.480138,-0.124715,-0.106791,9.97109,179.465,0.426055
386,181,-0.114799,179.898,0.282734,0.0249367,0.0673954,9.97115,179.932,0.276897
387,181.5,-0.33927,180.373,0.129074,-0.0301585,-0.0267443,9.97361,180.356,0.0790998
388,181.5,-0.33927,180.837,-0.0548511,-0.184543,-0.173774,9.97231,180.771,-0.152347
389,182,-0.565706,181.289,-0.269559,-0.0109234,-0.064606,9.96913,181.322,-0.285726
390,182.5,-0.793961,181.749,-0.46108,-0.0822715,0.108931,9.96709,181.65,-0.550856
391,183,-1.02389,182.221,-0.625812,-0.110882,-0.0656022,9.97448,182.182,-0.740668
392,183.5,-1.25533,182.674,-0.836485,0.0510535,0.0116698,9.98039,182.71,-0.900659
393,184,-1.48815,183.137,-1.02125,0.123529,0.120978,9.98263,183.187,-1.08063
394,184.5,-1.72219,183.61,-1.18451,0.0924942,-0.0535554,9.9872,183.694,-1.29501
395,185,-1.95731,184.067,-1.38759,-0.154322,-0.196527,9.98585,184.073,-1.61218
396,185.5,-2.19333,184.513,-1.61569,-0.0060204,-0.11333,9.98193,184.467,-1.68006
397,186,-2.43012,184.965,-1.82893,0.0235876,0.0597808,9.97712,184.996,-1.91769
398,186.5,-2.66753,185.427,-2.01796,-0.178882,0.0353466,9.97645,185.423,-2.33411
399,187,-2.90538,185.882,-2.2213,-0.0770184,0.0298377,9.97603,185.931,-2.50264
400,187.5,-3.14354,186.34,-2.42141,0.130373,0.202099,9.97972,186.408,-2.64954
401,188,-3.38185,186.816,-2.57791,0.0950644,0.0275659,9.98409,186.859,-2.83007
402,188,-3.38185,187.277,-2.77121,0.106372,-0.146967,9.9895,187.249,-2.92282
403,188.5,-3.62015,187.728,-2.99049,0.0791719,-0.184213,9.9918,187.652,-3.11444
404,189,-3.85829,188.174,-3.21663,0.147211,-0.150283,9.99286,188.099,-3.24428
405,189.5,-4.0961,188.618,-3.44727,0.148359,-0.0135044,9.99281,188.582,-3.47836
406,190,-4.33345,189.07,-3.66204,0.180927,-0.145327,9.99771,189.091,-3.58809
407,190.5,-4.57016,189.5,-3.91864,0.122619,0.0187147,9.99927,189.478,-3.90086
408,191,-4.8061,189.949,-4.14055,0.198321,0.0716308,9.9966,189.956,-4.05214
409,191,-4.8061,190.398,-4.36053,0.234814,0.038961,9.99401,190.401,-4.22253
410,191.5,-5.04109,190.843,-4.58645,0.114131,-0.119554,9.99242,190.872,-4.49845
411,192,-5.275,191.273,-4.84259,0.121065,0.0112273,9.98894,191.396,-4.83162
412,192.5,-5.50767,191.72,-5.0669,0.0607273,0.125898,9.98944,191.727,-5.07793
413,193,-5.73894,192.176,-5.27383,0.0549439,-0.0486347,9.99221,192.174,-5.23341
414,193.5,-5.96866,192.611,-5.51899,-0.00354687,0.0460713,9.99204,192.596,-5.55656
415,194,-6.19669,193.063,-5.73365,0.0878171,0.0417222,9.99313,193.087,-5.70874
416,194.5,-6.42287,193.513,-5.95186,0.0841891,0.026274,9.9959,193.542,-5.90135
417,195,-6.64706,193.962,-6.17031,-0.0407309,-0.148259,9.99759,193.921,-6.10693
418,195.5,-6.8691,194.394,-6.42537,0.0773515,0.0201269,10,194.453,-6.31409
419,196,-7.08886,194.846,-6.64114,0.0441546,0.159187,9.99936,194.936,-6.57899
420,196.5,-7.30618,195.308,-6.83576,-0.000206059,-0.0148287,9.99851,195.412,-6.77751
421,197,-7.52093,195.751,-7.0678,0.0184719,0.0445132,9.9963,195.857,-6.97328
422,197.5,-7.73296,196.206,-7.27428,-0.197473,0.0731037,9.99429,196.328,-7.41067
423,198,-7.94213,196.664,-7.4741,-0.237532,0.0707557,9.99603,196.813,-7.692
424,198,-7.94213,197.124,-7.67073,-0.325063,0.169476,9.99545,197.086,-7.94572
425,198.5,-8.1483,197.597,-7.83792,-0.233381,0.10875,9.99743,197.677,-8.10462
426,199,-8.35135,198.065,-8.01193,0.0682797,0.200905,9.99839,198.048,-8.05159
427,199.5,-8.55112,198.548,-8.1497,0.0210842,0.118814,9.99946,198.582,-8.27028
428,200,-8.7475,199.026,-8.29595,0.123175,-0.0557194,10.0039,199.08,-8.35118
429,200.5,-8.94034,199.497,-8.4678,0.264599,-0.185011,10.0083,199.553,-8.36242
430,201,-9.12953,199.961,-8.66171,0.145755,-0.20273,10.0132,199.977,-8.56353
431,201.5,-9.31493,200.42,-8.86534,-0.00927872,-0.200051,10.0138,200.383,-8.83696
432,202,-9.49642,200.871,-9.08438,-0.0622596,-0.0255182,10.0154,200.9,-9.03925
433,202.5,-9.67388,201.332,-9.28011,-0.0282481,0.148915,10.0162,201.388,-9.28125
434,202.5,-9.67388,201.805,-9.45102,-0.109807,0.201189,10.0181,201.726,-9.53415
435,203.5,-10.0162,202.281,-9.61036,-0.117898,0.077468,10.0171,202.408,-9.70925
436,204,-10.1809,202.751,-9.78538,-0.0881265,0.0606772,10.0176,202.8,-9.84662
437,204,-10.1809,203.225,-9.94754,0.0731691,0.168178,10.0185,203.243,-9.96064
438,204.5,-10.3411,203.71,-10.0763,0.104502,0.0806528,10.0175,203.663,-10.0229
439,205,-10.4966,204.19,-10.2197,0.048104,-0.093171,10.015,204.147,-10.1686
440,205.5,-10.6475,204.661,-10.3916,-0.0354687,-0.0931262,10.0138,204.566,-10.2908
441,206,-10.7935,205.134,-10.5572,0.039923,0.0442056,10.0102,205.106,-10.5004
442,206.5,-10.9347,205.615,-10.6974,0.0493275,0.19904,10.0078,205.534,-10.6433
443,207,-11.0708,206.105,-10.8072,-0.0852109,0.0248633,10.0076,205.904,-10.8296
444,207.5,-11.2019,206.583,-10.9542,0.146733,0.0133735,10.0037,206.45,-10.7985
445,208,-11.3277,207.065,-11.0879,0.130134,0.11448,9.99627,206.926,-10.9836
446,208.5,-11.4483,207.554,-11.1935,0.114342,-0.0593955,9.99466,207.387,-11.0386
447,209,-11.5635,208.033,-11.3401,0.0400049,-0.0568617,9.99605,207.919,-11.259
448,209.5,-11.6732,208.513,-11.4777,0.0292642,0.0442745,9.99607,208.463,-11.4032
449,210,-11.7775,208.999,-11.5948,0.0188277,0.0462918,9.99006,208.996,-11.4912
450,210.5,-11.8761,209.484,-11.716,0.134965,0.0805409,9.98998,209.538,-11.5423
451,211,-11.9691,209.972,-11.8249,0.0462605,0.136209,9.9879,210.18,-11.788
452,211.5,-12.0563,210.463,-11.9151,-0.00609755,-0.0155455,9.98603,210.627,-11.8231
453,212,-12.1378,210.948,-12.0352,-0.200641,0.0452691,9.98202,211.139,-12.1306
454,212.5,-12.2134,211.439,-12.129,-0.0602239,0.18742,9.98352,211.566,-12.1538
455,213,-12.283,211.936,-12.1876,0.0198789,0.201962,9.98648,211.84,-12.178
456,213.5,-12.3467,212.435,-12.2371,-0.0901733,0.0281191,9.98749,212.325,-12.2475
457,214,-12.4044,212.928,-12.3131,-0.299475,-0.0687157,9.98677,212.858,-12.464
458,214.5,-12.4561,213.421,-12.3962,-0.130629,0.105817,9.9917,213.415,-12.4551
459,215,-12.5016,213.921,-12.4328,0.205741,0.201143,9.99254,213.974,-12.252
460,215.5,-12.541,214.422,-12.4499,0.260368,0.129812,9.99328,214.484,-12.2415
461,216,-12.5742,214.921,-12.4748,0.0793199,-0.044356,9.99273,215.052,-12.3971
462,216.5,-12.6012,215.419,-12.5258,0.0220948,-0.0938356,9.99187,215.406,-12.4526
463,217,-12.6219,215.916,-12.5785,-0.0354866,0.0806974,9.99446,215.91,-12.5806
464,217.5,-12.6364,216.417,-12.5909,-0.07177,0.135388,9.99896,216.267,-12.6696
465,218,-12.6446,216.918,-12.5966,-0.0862382,0.133516,10.0051,216.814,-12.7079
466,218.5,-12.6466,217.419,-12.5952,-0.0347051,0.0876107,10.0127,217.333,-12.6715
467,219,-12.6422,217.92,-12.5926,0.0624596,0.102757,10.0168,217.932,-12.6518
468,219.5,-12.6316,218.421,-12.5737,0.0950875,0.0635667,10.0178,218.352,-12.5954
469,220,-12.6146,218.921,-12.5562,-0.16271,-0.0800337,10.0172,218.886,-12.7315
470,220.5,-12.5913,219.423,-12.5662,-0.119775,0.00562787,10.021,219.436,-12.7403
471,221,-12.5617,219.924,-12.5495,-0.0553755,0.179871,10.0204,220.05,-12.7143
472,221.5,-12.5258,220.424,-12.4946,-0.111242,0.106803,10.019,220.592,-12.6972
473,222,-12.4836,220.924,-12.4565,0.0447234,0.0305309,10.0209,220.924,-12.5021
474,222.5,-12.4351,221.424,-12.422,0.0286735,0.117659,10.0267,221.473,-12.503
475,223,-12.3804,221.922,-12.3554,0.0770328,0.0554173,10.0297,222.088,-12.4119
476,223.5,-12.3195,222.42,-12.3006,0.18927,0.077065,10.0297,222.52,-12.284
477,224,-12.2524,222.917,-12.2303,0.187047,-0.0100293,10.0283,222.952,-12.1581
478,224.5,-12.1791,223.415,-12.1762,0.0470642,-0.0622326,10.0256,223.515,-12.2022
479,225,-12.0997,223.915,-12.1292,0.115634,0.0886592,10.0255,224.104,-12.137
480,225.5,-12.0142,224.409,-12.0451,0.119234,0.130685,10.0207,224.576,-12.0793
481,226,-11.9226,224.903,-11.9546,0.24023,-0.0163198,10.0153,224.968,-11.8271
482,226.5,-11.825,225.4,-11.8932,0.176378,-0.00076973,10.0122,225.513,-11.8094
483,227,-11.7215,225.894,-11.8171,0.122656,0.0204369,10.0119,225.822,-11.7802
484,227.5,-11.6121,226.388,-11.7363,0.10273,0.0449874,10.0095,226.438,-11.6835
485,228,-11.4969,226.881,-11.6495,-0.109721,0.116963,10.0071,226.944,-11.8314
486,228.5,-11.3759,227.371,-11.5424,-0.0535487,0.0927383,10.0076,227.414,-11.6405
487,229,-11.2491,227.86,-11.4366,-0.0704262,0.138528,10.0094,227.969,-11.5364
488,229.5,-11.1168,228.345,-11.3088,-0.00632998,0.136518,10.0139,228.478,-11.385
489,230,-10.9788,228.827,-11.1724,0.0488966,0.145088,10.0156,228.945,-11.3057
490,230.5,-10.8354,229.305,-11.0213,0.152069,0.0423839,10.0153,229.311,-11.0747
491,230.5,-10.8354,229.787,-10.883,0.071098,-0.131775,10.0146,229.744,-10.9152
492,231.5,-10.5324,230.277,-10.7752,0.118079,-0.077571,10.0123,230.301,-10.7178
493,232,-10.3729,230.762,-10.6517,0.209642,0.0965081,10.0118,230.783,-10.5133
494,232,-10.3729,231.239,-10.4963,0.00736253,0.0822643,10.0089,231.104,-10.6048
495,232.5,-10.2084,231.718,-10.3505,-0.0283956,0.0324035,10.008,231.689,-10.4584
496,233,-10.0387,232.198,-10.2088,0.151575,0.12889,10.0043,232.048,-10.2469
497,233.5,-9.86409,232.668,-10.0361,0.0395052,0.0926985,10.007,232.734,-10.0764
498,234,-9.6846,233.14,-9.86815,0.0213507,-0.0818345,10.0124,233.167,-9.86133
499,234.5,-9.50035,233.623,-9.73166,0.131321,0.0926985,10.0131,233.628,-9.68875
500,235,-9.31143,234.088,-9.54597,0.105581,0.13617,10.0144,233.971,-9.58599
501,235.5,-9.11795,234.552,-9.35497,0.155533,-0.0378463,10.0131,234.466,-9.28884
502,236,-8.92003,235.028,-9.198,0.250903,0.0432971,10.0139,234.955,-9.06389
503,236.5,-8.71777,235.493,-9.01101,0.274162,0.035669,10.0163,235.436,-8.8434
504,237,-8.5113,235.959,-8.8277,0.108099,-0.0724042,10.0179,236.004,-8.69444
505,237.5,-8.30073,236.434,-8.66699,-0.0409254,-0.0337814,10.0169,236.484,-8.69332
506,238,-8.08619,236.904,-8.49492,0.0155175,0.139792,10.0137,236.933,-8.53105
507,238.5,-7.86778,237.361,-8.2869,0.0150646,0.14384,10.0114,237.337,-8.37319
508,239,-7.64566,237.818,-8.07978,-0.0962771,0.015098,10.0128,237.88,-8.19843
509,239.5,-7.41993,238.281,-7.89146,0.0102164,0.017527,10.009,238.368,-7.88715
510,240,-7.19073,238.74,-7.69105,0.150012,0.136916,10.004,238.897,-7.59895
511,240,-7.19073,239.184,-7.46104,0.224834,0.0318703,9.99349,239.187,-7.34964
512,240.5,-6.9582,239.639,-7.25342,0.0132531,-0.140991,9.98694,239.68,-7.2184
513,241,-6.72247,240.107,-7.07547,-0.108121,-0.197204,9.98057,240.218,-7.06636
514,241.5,-6.48367,240.578,-6.90943,-0.106785,-0.0242798,9.97318,240.633,-6.9661
515,242,-6.24194,241.038,-6.71532,0.00348904,0.150068,9.97197,241.078,-6.64909
516,242.5,-5.99744,241.487,-6.49563,0.025586,0.130772,9.97088,241.572,-6.4268
517,243,-5.75029,241.938,-6.28203,0.0478933,0.0852166,9.9691,241.988,-6.14736
518,243.5,-5.50064,242.388,-6.06655,-0.0467326,-0.0223298,9.97362,242.46,-6.01847
519,244,-5.24864,242.844,-5.86478,0.030654,0.101028,9.97665,242.905,-5.77279
520,244,-5.24864,243.284,-5.62797,-0.0866742,0.0770057,9.97892,243.327,-5.72204
521,244.5,-4.99443,243.727,-5.39734,-0.127636,-0.00913519,9.9833,243.763,-5.47431
522,245,-4.73817,244.176,-5.17859,-0.16942,0.0474125,9.9834,244.15,-5.307
523,245.5,-4.48,244.615,-4.94095,-0.0523313,0.113657,9.98364,244.595,-5.00556
524,246,-4.22007,245.046,-4.68836,0.0169428,0.162343,9.9839,245.079,-4.71823
525,246.5,-3.95854,245.469,-4.42086,0.0956081,0.0272279,9.98189,245.331,-4.4563
526,246.5,-3.95854,245.903,-4.17401,0.196689,-0.0539704,9.97912,245.751,-4.12476
527,247,-3.69556,246.34,-3.93294,0.0740096,-0.0753938,9.9786,246.287,-3.94129
528,247.5,-3.43128,246.778,-3.6947,0.0593754,-0.200331,9.97783,246.659,-3.71525
529,248,-3.16586,247.235,-3.48912,0.176185,-0.0270804,9.97284,247.223,-3.39514
530,248.5,-2.89946,247.674,-3.25226,0.265144,0.102406,9.97419,247.572,-3.14303
531,249,-2.63222,248.105,-3.00097,0.0741043,-0.0713963,9.97158,248.014,-3.0438
532,249.5,-2.36432,248.559,-2.79093,-0.202291,-0.202374,9.97481,248.509,-2.97751
533,250,-2.09589,249.023,-2.60379,-0.0826227,-0.0283932,9.97291,248.99,-2.68355
534,250.5,-1.82711,249.471,-2.38347,-0.00577533,0.14614,9.97664,249.457,-2.42057
535,251,-1.55813,249.907,-2.13824,-0.0927122,0.107387,9.98043,249.934,-2.23564
536,251,-1.55813,250.348,-1.90379,-0.166991,-0.0281291,9.98428,250.422,-2.02025
537,251.5,-1.28911,250.799,-1.68839,0.0110681,0.133591,9.988,250.717,-1.75584
538,252,-1.02021,251.227,-1.42786,0.186397,0.182174,9.99293,251.162,-1.384
539,252.5,-0.751574,251.649,-1.15724,0.1947,0.00764113,9.99512,251.62,-1.03764
540,253,-0.483375,252.086,-0.914822,-0.159527,-0.166892,9.99812,252.002,-1.08952
541,253.5,-0.215767,252.538,-0.697314,-0.0721044,-0.200323,9.99768,252.519,-0.719998
542,254,0.0510946,252.994,-0.488099,0.0361689,-0.0257898,9.99946,252.959,-0.430033
543,254.5,0.317051,253.436,-0.253773,-0.0378051,0.148482,9.99904,253.471,-0.300172
544,254.5,0.317051,253.866,0.00487448,-0.0605465,-0.0120462,9.99852,253.811,-0.0835434
545,255,0.581947,254.314,0.225655,-0.155616,0.0568182,9.99912,254.35,0.0337237
546,255.5,0.845626,254.749,0.472791,-0.0923666,0.0730755,10.001,254.806,0.357305
547,256,1.10793,255.182,0.724019,0.144713,0.108272,10.0045,255.09,0.679149
548,256.5,1.36871,255.608,0.987506,0.0681682,-0.0177316,10.0075,255.513,0.867517
549,257,1.62781,256.047,1.22952,0.0796571,-0.192265,10.0124,255.863,1.15915
550,257.5,1.88508,256.503,1.44078,0.216785,-0.107777,10.0171,256.398,1.54813
551,258,2.14037,256.95,1.66779,0.109509,-0.0682628,10.0199,256.81,1.69021
552,258,2.14037,257.4,1.88852,0.102461,-0.199199,10.0173,257.251,1.9801
553,259,2.6444,257.869,2.06973,0.0835956,-0.0254903,10.0144,257.921,2.22312
554,259.5,2.89284,258.321,2.28358,0.042724,0.0704503,10.0106,258.424,2.36901
555,259.5,2.89284,258.771,2.5047,0.00926311,-0.0324836,10.0074,258.757,2.55918
556,260,3.1387,259.232,2.69967,0.0900475,-0.0683456,10.0067,259.199,2.88313
557,260.5,3.38185,259.694,2.8914,0.0373607,0.0299284,10.0106,259.726,3.09335
558,261,3.62214,260.148,3.10355,-0.109898,-0.0388662,10.0153,260.146,3.16203
559,261.5,3.85942,260.611,3.29451,-0.131643,0.0896614,10.0143,260.576,3.2869
560,262,4.09356,261.06,3.51712,-0.0734172,0.197951,10.0136,261.139,3.57556
561,262.5,4.32442,261.498,3.76308,-0.103084,0.0491016,10.012,261.5,3.71817
562,263,4.55186,261.948,3.98256,-0.154321,-0.0268209,10.0122,262.041,3.94449
563,263.5,4.77576,262.399,4.20001,-0.215158,-0.0476721,10.0124,262.499,4.07309
564,263.5,4.77576,262.851,4.41679,-0.0809912,0.049012,10.011,262.885,4.30614
565,264,4.99597,263.292,4.65317,-0.0183712,-0.00080882,10.0082,263.278,4.62046
566,264.5,5.21238,263.741,4.87499,-0.206528,-0.158956,10.0117,263.653,4.69054
567,265,5.42486,264.206,5.0641,-0.107216,-0.0385915,10.0136,264.094,4.97992
568,265.5,5.63328,264.658,5.27931,-0.220805,0.135169,10.0109,264.665,5.01557
569,266,5.83751,265.097,5.52275,-0.0233776,0.181735,10.0083,265.295,5.41793
570,266.5,6.03745,265.531,5.77409,0.140455,0.0107955,10.0013,265.661,5.77108
571,267,6.23298,265.978,5.99759,0.0245741,-0.161697,9.99292,266.175,5.89903
572,267.5,6.42397,266.438,6.19602,-0.0297068,-0.199724,9.99068,266.664,6.05582
573,268,6.61032,266.902,6.38521,0.0374934,-0.0946887,9.98891,267.019,6.26692
574,268.5,6.79193,267.36,6.58425,0.109179,-0.0582958,9.98552,267.472,6.50059
575,269,6.96869,267.821,6.77514,0.314202,-0.0674779,9.98284,267.904,6.8912
576,269.5,7.14049,268.287,6.95552,0.365146,-0.129143,9.98372,268.287,7.09588
577,270,7.30723,268.761,7.11607,0.281581,-0.179932,9.9833,268.765,7.21341
578,270,7.30723,269.241,7.25785,0.161368,-0.185311,9.98582,269.208,7.27844
579,270.5,7.46882,269.724,7.38612,0.143112,-0.0992842,9.98708,269.738,7.40222
580,271,7.62518,270.206,7.51892,0.0951733,0.00209917,9.99077,270.213,7.52696
581,271.5,7.77619,270.685,7.66052,0.0601567,-0.0592582,9.99286,270.692,7.63454
582,272,7.92179,271.171,7.77859,0.00818622,0.0365414,9.99161,271.176,7.67097
583,272.5,8.06189,271.65,7.91976,0.0164859,-0.039478,9.99524,271.637,7.8873
584,273,8.1964,272.136,8.03806,-0.0354519,-0.0601693,9.99547,272.109,7.96359
585,273.5,8.32526,272.622,8.15335,-0.0372116,0.0352092,9.99187,272.751,8.09407
586,274,8.44838,273.104,8.28886,0.115602,0.0108997,9.99306,273.091,8.3327
587,274.5,8.56571,273.588,8.41374,0.162045,-0.0267398,9.99775,273.623,8.51656
588,275,8.67716,274.074,8.53199,0.122792,-0.119037,10.0017,274.143,8.66706
589,275.5,8.78269,274.565,8.62827,0.0035281,-0.11161,10.0038,274.535,8.66022
590,276,8.88223,275.057,8.72299,0.103879,-0.00030287,10.0077,274.966,8.78348
591,276.5,8.97573,275.545,8.83478,0.142717,0.0670083,10.0099,275.461,8.91731
592,277,9.06314,276.031,8.95399,0.127085,-0.107525,10.0112,275.938,9.07135
593,277.5,9.1444,276.527,9.02982,0.204274,-0.0810999,10.0084,276.399,9.22896
594,278,9.21948,277.02,9.11659,0.210014,-0.0110709,10.0101,276.853,9.23779
595,278.5,9.28833,277.512,9.21191,0.184031,-0.047355,10.0105,277.35,9.28148
596,279,9.35093,278.006,9.2908,0.3358,-0.17486,10.0076,277.831,9.55848
597,279.5,9.40723,278.506,9.33589,0.158836,-0.149676,10.0049,278.502,9.47725
598,280,9.45721,279.004,9.38166,0.0754417,-0.174948,10.0034,278.985,9.45109
599,280.5,9.50084,279.505,9.40504,0.0793505,-0.0445901,10.0001,279.464,9.47549
600,281,9.5381,280.003,9.4468,0.156441,-0.0763222,9.9977,279.977,9.61739
601,281.5,9.56899,280.503,9.46532,0.0428286,-0.0867716,9.99507,280.358,9.57987
602,282,9.59347,281.002,9.47611,-0.0567958,-0.119191,9.99202,280.944,9.57222
603,282.5,9.61155,281.502,9.47158,-0.0773,0.0107818,9.98732,281.431,9.49996
604,283,9.62322,282.001,9.4917,-0.0527317,0.093226,9.98272,281.793,9.52422
605,283.5,9.62848,282.5,9.52297,-0.0368838,-0.0512675,9.97872,282.415,9.57304
606,284,9.62733,282.999,9.51865,-0.27869,-0.045293,9.97721,282.978,9.36163
607,284.5,9.61978,283.498,9.52322,-0.297435,-0.0862305,9.97511,283.476,9.36628
608,285,9.60584,283.997,9.51315,-0.150979,0.0883024,9.97394,283.944,9.41225
609,285.5,9.58552,284.496,9.54275,-0.050419,0.0452469,9.97906,284.471,9.50464
610,286,9.55884,284.995,9.55501,-0.179086,-0.122484,9.98034,285.091,9.44169
611,286.5,9.52582,285.494,9.53171,-0.122752,-0.138924,9.98086,285.604,9.41118
612,287,9.4865,285.993,9.50727,-0.0944525,0.0340418,9.98146,286.161,9.33048
613,287.5,9.44089,286.493,9.51577,-0.119686,-0.13965,9.98089,286.517,9.4377
614,288,9.38904,286.991,9.46815,-0.2598,-0.186389,9.98074,287.011,9.29368
615,288.5,9.33098,287.488,9.40952,-0.0734052,-0.0118558,9.9825,287.496,9.37024
616,289,9.26676,287.987,9.38265,0.129098,0.136754,9.98505,287.951,9.4466
617,289.5,9.19641,288.488,9.37761,-0.0210411,-0.0377789,9.99061,288.546,9.24861
618,290,9.11999,288.985,9.32774,0.0300195,-0.20445,9.99759,289.054,9.35027
619,290.5,9.03755,289.481,9.24633,-0.0276303,-0.129113,10.0012,289.28,9.22634
620,291,8.94915,289.977,9.17979,0.101197,0.0169126,10.0013,289.784,9.20911
621,291.5,8.85484,290.476,9.13205,0.00278123,-0.042099,10.0081,290.385,9.03777
622,292,8.75469,290.971,9.05807,0.015003,-0.177951,10.01,290.974,8.98608
623,292.5,8.64877,291.461,8.95024,0.0659988,-0.0749252,10.0092,291.425,8.93892
624,293,8.53715,291.954,8.86367,0.105631,-0.0726707,10.0104,291.861,8.87736
625,293.5,8.4199,292.445,8.76243,0.0754105,-0.0666508,10.0138,292.307,8.7616
626,294,8.2971,292.934,8.65507,0.0347387,-0.126953,10.0186,292.846,8.63388
627,294.5,8.16883,293.419,8.52609,0.073578,-0.079741,10.0168,293.392,8.51614
628,295,8.03517,293.904,8.40221,0.0944557,-0.0378889,10.011,293.898,8.4493
629,295.5,7.89622,294.389,8.27774,0.246061,-0.100154,10.0091,294.426,8.45599
630,296,7.75206,294.868,8.13064,0.224001,-0.0160321,10.0098,294.99,8.27839
631,296.5,7.60279,295.351,8.00018,0.0194987,-0.163032,10.009,295.347,8.00985
632,297,7.4485,295.821,7.82555,0.0705671,-0.0724497,10.0057,295.843,7.89216
633,297,7.4485,296.297,7.66997,0.0517645,-0.00415786,10.005,296.239,7.73684
634,297.5,7.28929,296.774,7.51777,-0.166382,-0.0522112,10.0068,296.702,7.46285
635,298,7.12527,297.244,7.34747,-0.0855109,-0.0427259,10.0076,297.201,7.32678
636,298.5,6.95654,297.715,7.17863,0.16265,0.130521,10.0024,297.693,7.29105
637,299,6.78322,298.199,7.04737,0.0210935,-0.00977041,9.99794,298.155,7.08599
638,299.5,6.6054,298.67,6.87997,-0.0306022,-0.183949,9.99672,298.703,6.91037
639,300,6.42322,299.131,6.68007,-0.0403289,-0.0268725,9.99792,299.194,6.6882
640,300.5,6.23678,299.603,6.51653,0.0144606,0.0315602,9.99794,299.684,6.53194
641,301,6.0462,300.075,6.35243,-0.00711589,0.0158993,9.99882,300.161,6.32322
642,301.5,5.8516,300.545,6.18187,-0.056474,-0.0791181,10.0022,300.609,6.14092
643,302,5.65312,301.009,5.99109,-0.0967547,-0.0660295,10.0086,301.034,5.97639
644,302.5,5.45087,301.473,5.80402,-0.161144,-0.00444218,10.0171,301.501,5.69142
645,303,5.24499,301.941,5.62498,-0.0156044,0.170091,10.021,301.996,5.52859
646,303.5,5.0356,302.424,5.48202,-0.0964466,0.0164946,10.0204,302.439,5.34566
647,304,4.82284,302.892,5.30371,-0.119517,-0.157319,10.0178,302.921,5.17283
648,304.5,4.60685,303.35,5.09662,0.018538,-0.00358081,10.0217,303.409,4.99276
649,305,4.38776,303.822,4.92714,0.128475,0.00993868,10.0201,303.97,4.92719
650,305,4.38776,304.29,4.74886,0.0467031,-0.163906,10.0176,304.314,4.82679
651,305.5,4.16571,304.741,4.52814,0.0388051,-0.11211,10.0136,304.808,4.60719
652,306,3.94084,305.196,4.31943,-0.0187598,0.0616559,10.0106,305.259,4.29936
653,306.5,3.71329,305.664,4.13818,-0.0089554,0.0960668,10.0148,305.68,4.09607
654,307,3.48321,306.131,3.95641,-0.0223568,0.113516,10.0203,306.083,3.82931
655,307.5,3.25074,306.602,3.78407,0.135308,-0.00557383,10.0227,306.682,3.77754
656,308,3.01603,307.065,3.59239,0.00476959,-0.0829041,10.0219,306.902,3.53724
657,308.5,2.77923,307.525,3.39125,0.172453,-0.0848135,10.0184,307.611,3.38254
658,309,2.54048,307.983,3.18896,0.211381,-0.0112124,10.0171,308.012,3.22023
659,309,2.54048,308.446,2.99684,0.109864,-0.126,10.0173,308.41,3.02038
660,309.5,2.29994,308.894,2.77082,-0.0307924,-0.202615,10.0209,308.87,2.69836
661,310,2.05776,309.333,2.52472,0.114942,-0.0280817,10.0261,309.202,2.57233
662,310.5,1.81409,309.785,2.30795,0.19836,0.146451,10.0302,309.707,2.36639
663,311,1.56908,310.25,2.11541,0.229397,-0.027594,10.032,310.261,2.18841
664,311.5,1.32289,310.694,1.88164,-0.0247835,-0.143159,10.0342,310.545,1.85746
665,312,1.07567,311.131,1.63169,-0.0094868,-0.203488,10.0384,310.968,1.6923
666,312.5,0.82758,311.559,1.36575,0.0378886,-0.0289549,10.0394,311.414,1.45515
667,313,0.578771,312,1.12683,0.180527,0.145578,10.0407,311.951,1.28897
668,313,0.578771,312.455,0.91145,0.0087261,0.0201137,10.0381,312.332,0.974069
669,313.5,0.329399,312.893,0.666956,-0.112862,-0.153114,10.0329,312.838,0.665714
670,314,0.0796217,313.316,0.394209,-0.133409,0.0196358,10.0256,313.214,0.388541
671,314.5,-0.170406,313.76,0.16121,-0.0384937,0.19274,10.0201,313.749,0.156073
672,315,-0.420526,314.22,-0.0439533,0.0564282,0.152222,10.0197,314.264,-0.0278353
673,315.5,-0.670584,314.674,-0.255011,0.14324,0.0408955,10.0117,314.725,-0.166784
674,316,-0.920424,315.123,-0.475543,-0.142915,-0.106589,10.0065,315,-0.473482
675,316.5,-1.16989,315.562,-0.717611,-0.178583,-0.19873,10.0027,315.382,-0.677419
676,317,-1.41882,315.991,-0.97805,-0.0482924,-0.025488,9.99837,315.903,-0.905883
677,317.5,-1.66707,316.434,-1.20833,0.134449,0.147875,9.99315,316.475,-1.03992
678,318,-1.91448,316.891,-1.41472,0.144987,0.0584602,9.98993,317.018,-1.25125
679,318,-1.91448,317.335,-1.64214,0.127383,-0.114911,9.98507,317.428,-1.40387
680,318.5,-2.1609,317.765,-1.89754,0.0277576,-0.0112206,9.97862,317.775,-1.73901
681,319,-2.40617,318.209,-2.12521,-0.0856984,0.0548185,9.97605,318.146,-2.09383
682,319.5,-2.65014,318.657,-2.34629,0.00682747,0.0480217,9.97345,318.646,-2.24574
683,320,-2.89266,319.102,-2.56969,0.0733712,0.0838174,9.96853,319.098,-2.45816
684,320.5,-3.13358,319.554,-2.78035,-0.0202875,-0.0658226,9.96807,319.658,-2.74076
685,321,-3.37275,319.992,-3.02087,-0.178291,-0.155524,9.97243,320.088,-3.04255
686,321.5,-3.61003,320.421,-3.27616,-0.0512547,0.0190091,9.97487,320.611,-3.22022
687,322,-3.84525,320.869,-3.49751,-0.0582094,0.192718,9.97173,320.991,-3.47315
688,322.5,-4.07829,321.33,-3.69098,-0.152555,0.0457123,9.96267,321.371,-3.72318
689,323,-4.309,321.775,-3.91489,-0.143029,0.0328347,9.95396,321.89,-3.95226
690,323.5,-4.53722,322.225,-4.12674,-0.000802588,0.152546,9.95034,322.342,-4.06719
691,323.5,-4.53722,322.69,-4.30638,0.126793,0.120498,9.94784,322.813,-4.15075
692,324,-4.76283,323.153,-4.48957,0.0300436,-0.0539086,9.94724,323.167,-4.3461
693,324.5,-4.98568,323.604,-4.70121,-0.0313265,-0.201443,9.94812,323.605,-4.58433
694,325,-5.20564,324.044,-4.93834,-0.100819,-0.02691,9.95134,323.988,-4.82955
695,325.5,-5.42257,324.499,-5.13994,0.0236275,0.0625736,9.95394,324.505,-4.96541
696,326,-5.63634,324.957,-5.33659,-0.0748987,0.144749,9.95697,324.922,-5.25858
697,326.5,-5.84682,325.422,-5.51633,-0.186507,-0.0179273,9.95694,325.525,-5.59387
698,327,-6.05387,325.873,-5.72785,-0.164669,0.105002,9.95819,325.934,-5.80982
699,327,-6.05387,326.341,-5.89944,-0.114702,0.123173,9.96046,326.194,-5.92621
700,327.5,-6.25737,326.811,-6.06661,0.0816069,0.0682464,9.96605,326.8,-5.99766
701,328,-6.45721,327.28,-6.23806,0.0703706,-0.0293903,9.97304,327.278,-6.12644
702,328.5,-6.65324,327.743,-6.42245,-0.0533738,-0.203923,9.97948,327.75,-6.36216
703,329,-6.84536,328.194,-6.64341,-0.209046,-0.0440874,9.98486,328.207,-6.73286
704,329.5,-7.03345,328.657,-6.83016,-0.097421,0.113102,9.99119,328.668,-6.7645
705,330,-7.21739,329.13,-6.99595,-0.0218372,0.159278,9.9917,329.067,-6.88378
706,330.5,-7.39707,329.605,-7.15372,-0.0744392,0.16761,9.98931,329.467,-7.11385
707,331,-7.57239,330.083,-7.2989,-0.0666497,0.0378167,9.98642,329.888,-7.22181
708,331.5,-7.74323,330.556,-7.46075,-0.0237498,0.0689156,9.98346,330.329,-7.40285
709,332,-7.90949,331.035,-7.60106,0.00762272,0.086772,9.98147,330.99,-7.60772
710,332.5,-8.07108,331.516,-7.73278,0.0340001,-0.0297847,9.97769,331.52,-7.71827
711,333,-8.22789,331.991,-7.8869,0.150836,-0.00947344,9.97477,331.924,-7.74246
712,333.5,-8.37984,332.469,-8.02923,0.165037,0.0138576,9.97392,332.373,-7.86444
713,334,-8.52682,332.948,-8.16795,0.229756,-0.0370378,9.97303,333.032,-8.02532
714,334.5,-8.66876,333.423,-8.32002,0.408559,0.00397912,9.96992,333.644,-8.05179
715,335,-8.80557,333.901,-8.46126,0.112437,-0.121738,9.96862,333.93,-8.34253
716,335.5,-8.93716,334.368,-8.63605,-0.0198325,-0.20107,9.96894,334.48,-8.53467
717,336,-9.06346,334.829,-8.83094,0.0496673,-0.0269215,9.96813,334.943,-8.64169
718,336.5,-9.1844,335.3,-8.99473,0.0444959,0.147611,9.96789,335.352,-8.85419
719,337,-9.2999,335.78,-9.13295,0.129939,0.199387,9.965,335.932,-8.92729
720,337,-9.2999,336.264,-9.25983,0.0528059,0.0275682,9.96435,336.267,-9.0151
721,337.5,-9.40989,336.737,-9.41475,-0.0580017,0.0195438,9.96346,336.759,-9.27861
722,338,-9.51432,337.215,-9.55505,0.0194414,0.117597,9.96662,337.174,-9.29745
723,338.5,-9.61311,337.702,-9.66827,-0.101539,0.0923639,9.96538,337.737,-9.5161
724,339,-9.70623,338.186,-9.78522,-0.37013,0.0968189,9.9683,338.188,-9.87115
725,340,-9.87518,338.674,-9.89089,-0.31979,0.171202,9.97602,338.712,-9.98594
726,340,-9.87518,339.168,-9.96921,-0.258077,0.202897,9.98019,339.207,-10.0847
727,340.5,-9.95093,339.665,-10.0298,-0.266796,0.157678,9.98138,339.662,-10.1417
728,341,-10.0208,340.161,-10.0854,-0.169429,0.00423026,9.97894,340.136,-10.0964
729,342,-10.1428,340.655,-10.1613,-0.223189,0.0955007,9.98086,340.811,-10.2207
730,342.5,-10.1948,341.153,-10.2005,-0.191624,0.0291505,9.98079,341.252,-10.2331
731,343,-10.2408,341.649,-10.2548,-0.0398442,0.198772,9.97689,341.877,-10.2353
732,343,-10.2408,342.15,-10.2581,-0.0886193,0.108478,9.97892,342.214,-10.3025
733,343.5,-10.2808,342.649,-10.2797,-0.0426913,-0.00976464,9.98001,342.733,-10.2796
734,344,-10.3147,343.147,-10.3141,-0.0824549,0.0210339,9.98202,343.143,-10.354
735,344.5,-10.3426,343.646,-10.331,-0.0414354,0.0186703,9.98456,343.66,-10.3598
736,345,-10.3644,344.144,-10.3489,0.0754291,0.0733203,9.98155,344.019,-10.3025
737,345.5,-10.3801,344.644,-10.3512,0.154992,0.0140232,9.98456,344.751,-10.2387
738,346,-10.3898,345.143,-10.3662,-0.0262721,-0.0593784,9.98698,345.112,-10.3534
739,346.5,-10.3933,345.642,-10.3939,0.0716444,-0.0512328,9.98935,345.561,-10.2499
740,347,-10.3908,346.141,-10.4186,0.00530464,0.1233,9.99372,346.139,-10.376
741,347.5,-10.3821,346.642,-10.4041,0.0142484,0.113239,9.99478,346.71,-10.3642
742,348,-10.3675,347.142,-10.3954,-0.0771518,0.0938148,9.98975,347.161,-10.4628
743,348.5,-10.3467,347.641,-10.3806,0.0273673,0.0714398,9.98623,347.545,-10.3886
744,349,-10.32,348.14,-10.3607,0.288477,0.0956175,9.98494,347.985,-10.156
745,349.5,-10.2872,348.638,-10.3259,0.106349,-0.0296433,9.98387,348.6,-10.2232
746,350,-10.2485,349.138,-10.316,-0.0956303,-0.173677,9.97855,349.062,-10.2853
747,350.5,-10.2038,349.638,-10.3353,-0.23341,2.40414e-05,9.9751,349.673,-10.4211
748,351,-10.1532,350.136,-10.3139,-0.00592689,0.173038,9.96775,350.001,-10.2778
749,351.5,-10.0967,350.633,-10.2629,0.0341292,0.196386,9.95903,350.353,-10.2358
750,352,-10.0344,351.129,-10.205,0.0991399,0.0219324,9.9587,350.965,-10.0385
751,352.5,-9.9663,351.626,-10.1755,-0.147869,-0.00618109,9.95833,351.486,-10.212
752,353,-9.89248,352.123,-10.1359,-0.307409,0.0491312,9.95798,352.068,-10.3116
753,353.5,-9.81298,352.618,-10.0799,-0.208367,0.184237,9.96366,352.349,-10.2396
754,354,-9.72785,353.11,-9.98983,-0.229964,0.198859,9.96947,353.034,-10.1668
755,354.5,-9.63716,353.6,-9.89042,-0.238018,0.0650094,9.9775,353.53,-10.0054
756,355,-9.54097,354.092,-9.80784,-0.179907,0.0875607,9.98198,353.967,-9.91367
757,355.5,-9.43934,354.581,-9.70211,-0.0674916,0.203955,9.98779,354.532,-9.76205
758,356,-9.33236,355.062,-9.56048,-0.0137833,0.0891257,9.98894,355.107,-9.55214
759,356.5,-9.22009,355.546,-9.43881,0.0164402,-0.00746753,9.98735,355.534,-9.43071
760,357,-9.10261,356.032,-9.32383,0.0867743,0.0314416,9.98515,356.084,-9.2654
761,357.5,-8.98001,356.513,-9.19142,0.0836121,-0.000738902,9.98181,356.584,-9.12249
762,358,-8.85237,356.997,-9.06716,0.0170586,-0.0430843,9.9827,357.025,-9.07037
763,358.5,-8.71977,357.482,-8.95112,-0.0266135,0.0264866,9.98107,357.609,-8.98942
764,359,-8.5823,357.963,-8.81818,0.0289154,0.0471145,9.97995,357.991,-8.83668
765,359.5,-8.44007,358.444,-8.68338,0.14318,0.0477209,9.9779,358.457,-8.60302
766,360,-8.29317,358.923,-8.54617,-0.0298982,0.0159303,9.97357,358.892,-8.61919
767,360.5,-8.1417,359.404,-8.41245,-0.0348231,-0.0450944,9.97405,359.342,-8.43498
768,361,-7.98575,359.887,-8.28965,-0.0752429,0.129439,9.97435,359.828,-8.41556
769,361.5,-7.82545,360.359,-8.1229,0.10459,0.171092,9.96966,360.31,-8.15124
770,362,-7.66088,360.827,-7.94852,0.0190207,0.0865982,9.96757,360.887,-7.98595
771,362.5,-7.49218,361.297,-7.78353,-0.0583969,-0.0876844,9.96649,361.323,-7.85879
772,362.5,-7.49218,361.777,-7.64586,-0.00445099,0.0868485,9.97058,361.74,-7.77205
773,363,-7.31945,362.24,-7.45945,0.276309,0.155277,9.97493,362.19,-7.41415
774,363.5,-7.14281,362.7,-7.26247,0.27723,-0.0133699,9.97739,362.557,-7.20933
775,364,-6.96237,363.172,-7.09846,0.0397815,-0.187903,9.98053,363.004,-7.13968
776,364.5,-6.77826,363.655,-6.96372,-0.0315188,-0.20461,9.98785,363.659,-6.99173
777,365,-6.5906,364.139,-6.83559,0.00136379,-0.0300772,9.9945,364.136,-6.85518
778,365.5,-6.39953,364.615,-6.68193,-0.0471524,0.144456,10.0022,364.626,-6.79119
779,366,-6.20516,365.084,-6.50251,-0.0304205,0.10693,10.0088,365.066,-6.58806
780,366.5,-6.00762,365.556,-6.33402,0.0579849,0.0481199,10.0117,365.597,-6.26489
781,367,-5.80706,366.028,-6.16756,0.0385376,0.0575321,10.0081,366.002,-6.14755
782,367.5,-5.6036,366.495,-5.98949,0.113146,0.04278,10.0012,366.363,-5.90455
783,368,-5.39739,366.962,-5.81047,0.0558104,0.0372669,10.0008,366.896,-5.75361
784,368,-5.39739,367.428,-5.62795,0.129531,0.0362666,9.9998,367.252,-5.53641
785,368.5,-5.18855,367.892,-5.44184,0.115126,0.0611088,10.0023,367.698,-5.40365
786,369,-4.97723,368.353,-5.24645,0.00494182,-0.000783103,10.0074,368.192,-5.2744
787,369.5,-4.76357,368.818,-5.06224,0.102292,-0.0366366,10.0119,368.773,-4.96113
788,370.5,-4.3298,369.286,-4.88171,0.0129143,0.0947184,10.018,369.427,-4.79739
789,370.5,-4.3298,369.741,-4.67008,0.0423631,-0.0798145,10.0236,369.787,-4.53837
790,371,-4.10999,370.214,-4.50154,0.00333306,0.0549701,10.0283,370.224,-4.44322
791,371.5,-3.88841,370.671,-4.29512,-0.127274,0.031828,10.0276,370.72,-4.32211
792,372,-3.66522,371.133,-4.099,-0.0176983,0.0420474,10.0295,371.088,-4.09279
793,372.5,-3.44057,371.592,-3.89663,0.0643505,0.147733,10.0297,371.467,-3.88365
794,373,-3.2146,372.038,-3.66624,0.0385792,-0.0268,10.0322,371.941,-3.64634
795,373.5,-2.98748,372.501,-3.47203,0.0624956,-0.10339,10.0302,372.383,-3.42277
796,374,-2.75934,372.967,-3.28504,0.0923776,-0.00176957,10.0243,372.938,-3.14495
797,374.5,-2.53035,373.423,-3.07677,0.0145325,-0.0950988,10.0212,373.383,-2.97903
798,374.5,-2.53035,373.891,-2.89844,-0.0549813,0.00218897,10.0197,373.824,-2.91236
799,375,-2.30064,374.351,-2.69894,-0.144216,0.0539772,10.0157,374.277,-2.79792
800,375.5,-2.07039,374.808,-2.49422,-0.15335,0.0392936,10.0102,374.729,-2.54383
801,376.5,-1.60885,375.266,-2.29285,-0.167478,0.165715,10.0076,375.45,-2.32435
802,376.5,-1.60885,375.709,-2.05734,-0.0116258,0.199654,10.0055,375.836,-1.9961
803,377,-1.37786,376.145,-1.80963,0.0758895,0.0403356,10.0057,376.09,-1.7669
804,377.5,-1.14694,376.592,-1.58462,0.201316,-0.0953634,10.0082,376.583,-1.39643
805,378,-0.916242,377.048,-1.37459,0.0928282,-0.123848,10.0182,377.106,-1.20219
806,378.5,-0.685915,377.505,-1.16844,-0.00326394,-0.18049,10.0224,377.546,-1.04581
807,379,-0.456114,377.973,-0.983732,-0.00767612,-0.0147067,10.0261,378.03,-0.872208
808,379.5,-0.226994,378.427,-0.772224,-0.046542,0.11721,10.0217,378.486,-0.791122
809,380,0.00129178,378.874,-0.543817,0.00963173,0.0599741,10.0177,378.996,-0.489261
810,380,0.00129178,379.327,-0.329643,0.010256,-0.0513942,10.0162,379.312,-0.318302
811,380.5,0.228591,379.787,-0.131879,-0.113822,-0.0733583,10.0158,379.733,-0.250324
812,381,0.45475,380.248,0.065177,-0.018428,-0.0469595,10.0116,380.254,0.0746082
813,381.5,0.679619,380.707,0.2639,-0.128597,0.111193,10.0094,380.787,0.185505
814,382,0.903047,381.153,0.493354,-0.0862617,-0.0624868,10.006,381.223,0.458984
815,382.5,1.12488,381.618,0.679583,0.0189086,0.112046,10.0088,381.596,0.631435
816,383,1.34498,382.061,0.914066,-0.0232865,-0.0608844,10.0128,382.138,0.963957
817,383.5,1.56319,382.525,1.10537,-0.168987,-0.152427,10.0099,382.621,1.09619
818,384,1.77936,382.994,1.28247,-0.0582357,0.0217128,10.0084,382.982,1.27148
819,384.5,1.99335,383.447,1.49491,0.0513812,0.196246,10.011,383.424,1.47351
820,384.5,1.99335,383.889,1.73683,0.0538403,0.0217128,10.0136,383.822,1.72069
821,385,2.20502,384.346,1.94054,0.0235611,-0.151908,10.0123,384.241,1.95726
822,385.5,2.41422,384.816,2.11912,0.045878,-0.0863165,10.0122,384.641,2.15155
823,386,2.62082,385.277,2.3137,0.0853318,0.0314648,10.0106,385.145,2.31515
824,386.5,2.82466,385.731,2.52352,-0.106829,0.0196232,10.0066,385.692,2.39501
825,387,3.02562,386.19,2.72357,-0.31171,-0.127656,10.0058,386.245,2.49827
826,387.5,3.22356,386.662,2.89138,-0.0253816,0.0465212,10.0044,386.601,2.82621
827,388,3.41834,387.117,3.10071,0.142373,0.199839,10.0034,387.104,3.11043
828,388.5,3.60984,387.56,3.33711,0.112696,0.0257222,10.0017,387.635,3.33632
829,389,3.79792,388.019,3.53716,0.0171431,-0.148811,10.0032,388.022,3.42719
830,389.5,3.98245,388.489,3.71215,0.0788737,-0.161904,10.0018,388.387,3.66936
831,390,4.16331,388.959,3.88504,0.224801,-0.0691267,9.9985,389,3.98129
832,390.5,4.34037,389.425,4.06666,0.143729,-0.0449036,9.99432,389.417,4.10316
833,391,4.51352,389.893,4.24029,0.0572444,-0.200452,9.99302,389.802,4.24844
834,391,4.51352,390.378,4.37036,0.034303,-0.0448283,9.99156,390.234,4.35647
835,391.5,4.68264,390.85,4.53221,0.230592,0.0574583,9.98792,390.723,4.60149
836,392.5,5.0083,391.32,4.70293,0.19131,0.0915825,9.98801,391.285,4.73845
837,393,5.16462,391.788,4.8781,-0.0144255,-0.0829505,9.99111,391.827,4.81353
838,393,5.16462,392.269,5.0165,-0.170448,-0.201502,9.9923,392.243,4.86432
839,393.5,5.31646,392.757,5.1327,-0.149143,-0.0269688,9.99281,392.732,4.95169
840,394,5.4637,393.234,5.28322,0.0543142,0.147324,9.9924,393.141,5.15457
841,394.5,5.60626,393.703,5.46001,0.0696458,0.0395077,9.99229,393.597,5.39967
842,395,5.74402,394.18,5.60872,0.107917,-0.135025,9.9938,394.133,5.60744
843,395.5,5.8769,394.667,5.72697,0.0439715,-0.0817456,9.99225,394.61,5.70066
844,396,6.0048,395.148,5.86055,0.0295434,-0.129835,9.98823,395.112,5.86966
845,396.5,6.12762,395.636,5.97085,0.242001,0.00490744,9.98889,395.551,6.04679
846,397,6.24528,396.117,6.10589,0.0797347,0.0246397,9.98559,396.088,6.07522
847,397.5,6.3577,396.599,6.23545,0.00443025,-0.149882,9.9865,396.623,6.21593
848,398,6.4648,397.093,6.32197,0.11829,-0.0939263,9.98887,397.125,6.39691
849,398.5,6.5665,397.582,6.42299,0.136044,0.0233417,9.99304,397.604,6.44702
850,399,6.66272,398.068,6.5406,-0.0908817,-0.120586,9.99572,398.094,6.44139
851,399.5,6.75339,398.564,6.61426,-0.153572,-0.192862,10.004,398.5,6.53092
852,400,6.83845,399.063,6.6701,0.0375011,-0.0183295,10.0088,398.887,6.6998
853,400.5,6.91784,399.556,6.75849,0.126654,0.156203,10.0113,399.418,6.7871
854,401,6.99149,400.045,6.87475,0.0172956,-0.0183295,10.0172,399.971,6.84998
855,401.5,7.05934,400.541,6.94632,-0.126242,-0.192862,10.0226,400.59,6.86759
856,402,7.12135,401.043,6.9864,0.0363625,-0.0503878,10.0233,401.208,7.03917
857,402.5,7.17747,401.539,7.05972,0.128907,0.0647451,10.0243,401.565,7.17429
858,403,7.22764,402.033,7.1459,0.0351227,-0.109553,10.024,402.051,7.18253
859,403.5,7.27183,402.534,7.18351,0.0556099,-0.102754,10.0238,402.495,7.27696
860,404,7.31001,403.034,7.22682,0.103985,-0.0617615,10.0252,402.948,7.37273
861,404.5,7.34213,403.533,7.27111,0.0651177,-0.00828905,10.0263,403.356,7.33365
862,405,7.36816,404.032,7.31934,0.205687,-0.0355005,10.0249,403.836,7.44809
863,405.5,7.38809,404.532,7.35516,0.0917952,-0.075862,10.0226,404.439,7.43452
864,406,7.40188,405.032,7.37945,0.0345891,-0.197848,10.0172,404.848,7.43662
865,406.5,7.40952,405.535,7.36897,-0.0637126,-0.0522297,10.0095,405.47,7.32263
866,407,7.41099,406.034,7.38723,-0.136468,-0.0507969,10.0002,405.961,7.28379
867,407.5,7.40629,406.534,7.3889,-0.149909,-0.026378,9.99588,406.472,7.24326
868,408,7.3954,407.034,7.39112,-0.0839165,0.00752748,9.99491,406.99,7.31089
869,408.5,7.37832,407.534,7.39769,-0.0444653,-0.0587946,9.9972,407.491,7.35605
870,409,7.35506,408.034,7.38506,0.0253145,-0.053066,9.99707,407.969,7.40843
871,409.5,7.32561,408.534,7.37386,-0.121248,-0.0765375,9.9992,408.447,7.27695
872,410,7.28999,409.034,7.35141,-0.167233,-0.0966388,10.0039,409.048,7.19093
873,410.5,7.2482,409.533,7.31839,-0.0344041,0.0199649,10.0096,409.603,7.24308
874,411,7.20027,410.034,7.30775,0.0751609,-0.0288856,10.0144,410.072,7.26799
875,411.5,7.14622,410.534,7.27671,0.0740326,-0.10591,10.0138,410.578,7.29151
876,412,7.08606,411.033,7.2269,0.0927429,-0.201828,10.0151,411.115,7.30892
877,412.5,7.01983,411.529,7.14947,-0.00953129,-0.100976,10.0132,411.581,7.15588
878,413,6.94756,412.026,7.08698,-0.137106,-0.0688644,10.0074,411.981,7
879,413.5,6.86928,412.521,7.01489,-0.145361,0.0115966,9.99939,412.381,6.91315
880,414,6.78503,413.017,6.9535,0.035511,0.0677248,9.99253,412.956,6.94898
881,414.5,6.69486,413.514,6.90075,0.0562846,0.00881713,9.98771,413.545,6.88445
882,415,6.59881,414.008,6.83456,0.0653008,-0.15959,9.98147,414.127,6.86142
883,415.5,6.49693,414.498,6.73141,0.0338671,-0.10927,9.97673,414.552,6.69076
884,416,6.38929,414.989,6.6406,0.0957515,-0.0467567,9.9774,415.071,6.61139
885,416.5,6.27592,415.48,6.5516,0.211918,-0.125482,9.97697,415.66,6.62293
886,417,6.15691,415.965,6.43276,0.0284273,-0.19287,9.97756,416.158,6.40609
887,417.5,6.0323,416.445,6.29191,-0.146082,-0.203377,9.98213,416.342,6.26834
888,418,5.90218,416.921,6.13686,-0.0587667,-0.0288442,9.98236,416.843,6.18319
889,418,5.90218,417.404,6.00731,-0.0111,0.145689,9.98722,417.257,6.06735
890,418.5,5.76661,417.894,5.90345,-0.115178,0.0145408,9.99861,417.66,5.93594
891,419.5,5.47943,418.375,5.76586,-0.155988,-0.0360038,10.007,418.313,5.66854
892,420,5.32798,418.857,5.62746,0.0336188,0.11954,10.0137,418.92,5.58747
893,420.5,5.17141,419.349,5.52902,-0.0114183,-0.0448871,10.0164,419.469,5.46835
894,421,5.0098,419.83,5.38823,-0.134031,-0.198515,10.0119,419.782,5.28787
895,421.5,4.84325,420.303,5.21812,0.0502645,-0.0312729,10.0071,420.323,5.15219
896,422,4.67185,420.785,5.08464,0.100273,0.00896377,10.0068,420.932,5.02949
897,422.5,4.49569,421.265,4.94484,-0.100117,-0.165318,10.0064,421.385,4.80813
898,423,4.31489,421.732,4.75911,-0.218238,-0.199051,10.0029,421.766,4.59706
899,423,4.31489,422.194,4.56472,-0.0352154,-0.0245176,10.0039,422.283,4.52405
900,423.5,4.12955,422.666,4.39808,-0.0515108,0.150015,10.0041,422.674,4.287
901,424,3.93977,423.148,4.25692,0.0590893,-0.0242813,10.0036,423.195,4.26863
902,424.5,3.74566,423.613,4.07285,-0.0144004,-0.127151,10.007,423.662,4.07797
903,425,3.54733,424.074,3.87548,0.083309,-0.122014,10.005,424.158,3.98077
904,425.5,3.34491,424.534,3.67729,0.188487,0.0191088,10.0041,424.514,3.88584
905,426,3.13851,425.002,3.5015,-0.0063265,-0.0810776,10.0064,424.967,3.57433
906,426.5,2.92824,425.457,3.29244,-0.0644468,-0.166286,10.0045,425.339,3.38967
907,426.5,2.92824,425.904,3.06369,-0.0475223,0.00777915,10.0026,425.737,3.14451
908,427,2.71424,426.364,2.86858,-0.11018,0.0325771,9.99795,426.244,2.89935
909,428,2.27553,426.821,2.66664,-0.139623,-0.0900311,9.9967,426.812,2.67769
910,428.5,2.05108,427.266,2.43631,-0.189287,0.0391854,9.99906,427.288,2.39197
911,429,1.82341,427.725,2.23786,-0.00233191,0.0475648,9.99929,427.839,2.31363
912,429.5,1.59266,428.182,2.03527,0.0727057,0.201173,9.99983,428.403,2.06109
913,430,1.35895,428.657,1.87133,-0.0282079,0.0269263,9.99885,428.878,1.8088
914,430,1.35895,429.116,1.67262,-0.0735787,-0.147146,9.99663,429.263,1.6404
915,430.5,1.12243,429.564,1.44816,-0.084614,-0.0587872,9.99692,429.576,1.43568
916,431,0.883241,430.022,1.24627,-0.148514,0.0241711,9.99874,430.095,1.1249
917,431.5,0.641521,430.483,1.05196,-0.16032,-0.0378067,10.0047,430.567,0.903319
918,432,0.397415,430.935,0.838314,-0.0821635,0.136376,10.0032,430.909,0.709429
919,432.5,0.151067,431.406,0.666652,-0.0456378,-0.0334772,10.0036,431.439,0.605532
920,433,-0.0973753,431.86,0.453972,-0.0599574,-0.14674,10.0054,431.858,0.403681
921,433.5,-0.347764,432.305,0.224294,0.10553,0.00159407,10.0061,432.397,0.252823
922,433.5,-0.347764,432.765,0.0263256,0.00896394,-0.0295316,10.0027,432.711,0.0681447
923,434,-0.59995,433.216,-0.189939,0.00392027,-0.150091,9.99814,433.245,-0.188478
924,434.5,-0.853783,433.653,-0.434872,-0.0106584,0.0235559,9.99434,433.795,-0.543224
925,435,-1.10911,434.107,-0.642991,-0.165052,-0.0254659,9.99213,434.194,-0.822954
926,435.5,-1.36578,434.551,-0.873139,-0.0308201,-0.0242833,9.99174,434.658,-0.933891
927,436,-1.62364,434.995,-1.10218,0.260386,0.150224,9.99164,435.191,-1.00421
928,436.5,-1.88254,435.458,-1.29318,0.139626,0.0214213,9.99118,435.582,-1.29699
929,437,-2.14232,435.906,-1.51409,0.128523,-0.153112,9.99253,436.094,-1.50324
930,437.5,-2.40282,436.341,-1.76424,0.0696245,-0.127022,9.99271,436.454,-1.73969
931,437.5,-2.40282,436.778,-2.00713,-0.0416078,-0.119952,9.99371,436.794,-1.96897
932,438,-2.66388,437.209,-2.26055,0.168455,0.0499731,9.99479,437.305,-2.12859
933,438.5,-2.92536,437.655,-2.48685,0.188208,0.176597,9.99774,437.771,-2.39726
934,439,-3.1871,438.113,-2.69328,0.0104447,0.00206365,10.0011,438.07,-2.64999
935,439.5,-3.44893,438.552,-2.93412,-0.0758348,-0.165316,10.0061,438.494,-2.92239
936,440,-3.7107,438.978,-3.19995,-0.250314,0.00921694,10.0077,438.822,-3.34433
937,440.5,-3.97225,439.424,-3.42682,-0.16636,0.132132,10.0112,439.335,-3.55604
938,440.5,-3.97225,439.88,-3.63827,-0.0863506,0.20521,10.0194,439.723,-3.76762
939,441,-4.23343,440.344,-3.83182,-0.206746,0.150477,10.0245,440.144,-4.08378
940,441.5,-4.49408,440.807,-4.02549,0.0443356,-0.0239932,10.0245,440.644,-4.07657
941,442,-4.75404,441.259,-4.24242,0.192716,0.13844,10.0191,441.078,-4.22099
942,442.5,-5.01315,441.732,-4.40943,0.20436,-0.0351623,10.015,441.638,-4.40985
943,443,-5.27126,442.188,-4.61709,0.285028,-0.197663,10.0092,442.169,-4.51223
944,443.5,-5.52821,442.631,-4.85342,0.33965,-0.198324,10.0048,442.632,-4.70064
945,444,-5.78385,443.072,-5.09304,0.126196,-0.199874,10.0029,443.073,-5.0586
946,444.5,-6.03802,443.503,-5.349,0.00612244,-0.198008,9.99686,443.518,-5.37621
947,445,-6.29057,443.923,-5.6209,0.026328,-0.0234752,9.99779,443.903,-5.64368
948,445,-6.29057,444.357,-5.87039,0.109597,0.151058,9.99856,444.297,-5.84823
949,445.5,-6.54135,444.805,-6.09635,0.0218066,0.0827941,9.99719,444.731,-6.14272
950,446,-6.79021,445.242,-6.33786,-0.0792746,-0.091608,9.99665,445.171,-6.38373
951,446.5,-7.03699,445.665,-6.60661,-0.0694526,0.0191973,9.99448,445.709,-6.69618
952,447,-7.28155,446.104,-6.84484,0.0369239,0.143346,9.99576,446.164,-6.85526
953,447.5,-7.52373,446.556,-7.06163,-0.031197,0.0689053,9.99531,446.631,-7.06509
954,448,-7.7634,446.999,-7.29269,-0.084742,-0.0411309,9.99454,447.069,-7.30634
955,448.5,-8.0004,447.435,-7.53754,0.00234916,0.133402,9.99481,447.418,-7.51087
956,449,-8.2346,447.894,-7.73753,0.0368895,0.166596,9.99144,447.853,-7.71226
957,449.5,-8.46585,448.356,-7.93132,-0.0080512,-0.0079369,9.99318,448.355,-7.9719
958,449.5,-8.46585,448.804,-8.1544,-0.112449,-0.084315,10.0004,448.726,-8.16794
959,450,-8.69401,449.25,-8.38243,-0.152157,-0.0217642,10.006,449.191,-8.43649
960,450.5,-8.91894,449.702,-8.59667,-0.0675157,0.152626,10.0055,449.687,-8.68528
961,451,-9.14051,450.17,-8.77748,-0.0693909,0.141514,10.0072,450.154,-8.92572
962,451.5,-9.35858,450.636,-8.96105,-0.172702,-0.0226999,10.0075,450.535,-9.12448
963,452,-9.57302,451.091,-9.17033,-0.224936,-0.0515551,10.0057,450.962,-9.40877
964,452.5,-9.7837,451.548,-9.37523,-0.0668312,0.103565,10.0055,451.369,-9.44336
965,453,-9.9905,452.019,-9.5454,0.133027,0.142987,10.0058,451.985,-9.52263
966,453.5,-10.1933,452.492,-9.70915,0.169685,-0.0298941,9.99875,452.473,-9.61783
967,454,-10.3919,452.952,-9.90487,0.0238117,-0.196869,9.99115,452.961,-9.85667
968,454.5,-10.5863,453.401,-10.1293,0.0431874,-0.0672449,9.99056,453.487,-10.0811
969,455,-10.7763,453.861,-10.3262,0.0785982,0.107288,9.99526,453.871,-10.2786
970,455.5,-10.9619,454.331,-10.4981,-0.165437,0.116101,9.99708,454.386,-10.6618
971,456,-11.1428,454.8,-10.6727,-0.083273,-0.0191958,10.0008,454.892,-10.7942
972,456.5,-11.319,455.26,-10.8702,-0.0182178,0.155337,10.0022,455.361,-11.0005
973,456.5,-11.319,455.74,-11.0169,-0.153098,0.0597688,10.003,455.751,-11.1976
974,457.5,-11.6568,456.21,-11.1857,-0.079452,-0.0332184,10.0011,456.287,-11.3056
975,458,-11.8183,456.677,-11.3648,0.0827487,0.140956,9.99941,456.84,-11.39
976,458,-11.8183,457.161,-11.4969,0.164659,0.0666408,9.99806,457.217,-11.4178
977,458.5,-11.9746,457.638,-11.6479,-0.0151456,-0.0209614,10.0009,457.528,-11.6741
978,459,-12.1257,458.112,-11.809,-0.126894,-0.0679684,10.0038,457.907,-11.8884
979,459.5,-12.2715,458.584,-11.9759,-0.0695917,0.0907354,10.0073,458.471,-12.076
980,460,-12.4119,459.068,-12.1064,0.0160981,0.12921,10.0112,459.081,-12.2069
981,460.5,-12.5468,459.553,-12.2321,-0.00192786,0.0171048,10.0118,459.509,-12.288
982,461,-12.6761,460.032,-12.3771,-0.126584,-0.0685912,10.0127,460,-12.4907
983,461.5,-12.7998,460.509,-12.5324,-0.021014,0.0581433,10.0166,460.456,-12.5147
984,462,-12.9178,460.995,-12.6555,0.117867,0.176635,10.0213,461.004,-12.5995
985,462.5,-13.03,461.488,-12.7543,-0.0194446,0.121626,10.0227,461.513,-12.8428
986,463,-13.1363,461.978,-12.8604,-0.0122702,-0.052137,10.0197,462.126,-12.8973
987,463.5,-13.2368,462.461,-12.9941,-0.0313301,0.0725682,10.0131,462.613,-13.0654
988,464,-13.3312,462.953,-13.0867,0.0464338,0.123377,10.0111,463.071,-13.1053
989,464.5,-13.4196,463.447,-13.1697,-0.00853075,0.107418,10.0098,463.508,-13.2249
990,465,-13.5018,463.942,-13.25,0.161054,0.038765,10.0123,463.996,-13.202
991,465.5,-13.578,464.435,-13.3361,0.172157,0.118579,10.0129,464.432,-13.3385
992,466,-13.6479,464.934,-13.3926,0.0638072,-0.0559536,10.0189,464.984,-13.4027
993,466.5,-13.7116,465.426,-13.4885,-0.167231,-0.150793,10.0235,465.57,-13.614
994,467,-13.7691,465.916,-13.5994,-0.101473,0.02374,10.0241,466.085,-13.692
995,467.5,-13.8202,466.412,-13.6718,0.0259872,0.19816,10.0245,466.441,-13.6555
996,468,-13.865,466.914,-13.7125,0.118984,0.20058,10.0241,466.91,-13.6592
997,468.5,-13.9034,467.415,-13.7491,0.166809,0.0997247,10.0228,467.419,-13.6649
998,469,-13.9354,467.915,-13.7928,0.13681,-0.00381639,10.025,468.033,-13.7231
999,469.5,-13.961,468.414,-13.8445,-0.025154,-0.0137395,10.0258,468.446,-13.9026
1000,470,-13.9802,468.913,-13.89,-0.0744381,0.0362718,10.0221,469.001,-13.9391
1001,470.5,-13.993,469.413,-13.9229,-0.0958908,0.122753,10.0175,469.369,-13.985
1002,471,-13.9993,469.914,-13.9347,0.0701211,0.196958,10.0106,469.881,-13.9239
1003,471.5,-13.9991,470.416,-13.9234,0.108951,0.199576,10.0082,470.419,-13.9549
1004,472,-13.9925,470.917,-13.8991,0.0569725,0.0254755,10.0066,470.867,-13.9604
1005,472.5,-13.9795,471.417,-13.9006,0.0960511,-0.0806007,10.004,471.448,-13.8792
1006,472.5,-13.9795,471.918,-13.9119,0.0934399,0.0419942,10.0035,471.753,-13.9685
1007,473,-13.96,472.418,-13.89,0.123728,0.0541729,10.0048,472.223,-13.8823
1008,474,-13.9018,472.918,-13.8712,0.1029,-0.0876361,10.008,472.775,-13.8274
1009,474.5,-13.8631,473.419,-13.8853,0.0410558,0.0380952,10.0098,473.498,-13.8597
1010,475,-13.818,473.919,-13.8633,-0.0813664,0.0829951,10.0139,474.058,-13.9219
1011,475.5,-13.7666,474.419,-13.8363,-0.100552,0.124277,10.0081,474.526,-13.9521
1012,476,-13.7089,474.918,-13.7954,-0.0140304,0.197799,10.0033,475.069,-13.8371
1013,476.5,-13.6449,475.415,-13.7274,0.0755453,0.0862146,9.99842,475.652,-13.6633
1014,477,-13.5747,475.912,-13.6755,0.0593052,0.0723313,9.99227,476.161,-13.638
1015,477.5,-13.4983,476.408,-13.6097,0.0237086,0.0330829,9.99003,476.596,-13.5863
1016,478,-13.4158,476.903,-13.5455,-0.0382894,0.0291339,9.98792,476.999,-13.6082
1017,478.5,-13.3271,477.397,-13.476,-0.098411,0.0941291,9.98125,477.383,-13.6175
1018,479,-13.2324,477.888,-13.3868,0.0374885,0.0727182,9.97847,477.827,-13.403
1019,479.5,-13.1318,478.38,-13.2999,0.157476,0.113992,9.97793,478.3,-13.2608
1020,479.5,-13.1318,478.868,-13.1942,0.120452,0.0378059,9.97942,478.716,-13.2202
1021,480,-13.0252,479.358,-13.1003,0.0938095,-0.0898323,9.97808,479.215,-13.0646
1022,481,-12.7945,479.852,-13.0288,-0.0202019,-0.0645043,9.97545,479.759,-12.9816
1023,481.5,-12.6705,480.345,-12.9484,-0.0680199,0.0747113,9.97435,480.281,-12.9537
1024,482,-12.5409,480.832,-12.8407,-0.0765534,0.199865,9.97231,480.864,-12.8682
1025,482.5,-12.4058,481.314,-12.7067,-0.0424851,0.200482,9.97137,481.32,-12.7647
1026,482.5,-12.4058,481.794,-12.565,-0.121987,0.144796,9.97425,481.792,-12.7445
1027,483,-12.2651,482.271,-12.4191,-0.0335573,0.0583755,9.97488,482.265,-12.5409
1028,484,-11.9678,482.749,-12.2767,0.123481,0.0559102,9.97686,482.781,-12.2582
1029,484.5,-11.8112,483.224,-12.1223,0.0495983,-0.0255966,9.9794,483.298,-12.1482
1030,484.5,-11.8112,483.703,-11.9824,-0.0679048,-0.0827502,9.97858,483.658,-12.1074
